id,Question,Answer
1,What is under-fitting and overfitting in machine learning?,"Underfitting is when a model is too simple, and overfitting is when it's too complex, making it perform poorly on new data."
2,Can you explain what a false positive and a false negative are?,"A false positive incorrectly indicates a condition is present when it's not, while a false negative misses detecting a condition that is there."
3,Clarify the concept of Phase IV.,"Phase IV studies, also known as post-marketing surveillance, are conducted after a drug or medical product is made available to the general public. They aim to monitor the product's safety, efficacy, and long-term effects in a larger and more diverse population, providing valuable insights into real-world usage. Phase IV studies help regulators, healthcare providers, and patients make informed decisions about the product's continued use by assessing its risks and benefits over an extended period outside the controlled environment of clinical trials."
4,What is semi-supervised learning described in a short description?,"Semi-supervised learning integrates both labeled and unlabeled data during model training. By leveraging the abundance of unlabeled data alongside limited labeled data, it enhances model performance and generalization to new examples, offering scalability and efficiency in scenarios where acquiring labeled data is resource-intensive or impractical. This approach bridges the gap between supervised and unsupervised learning, unlocking the potential of vast unlabeled datasets for training robust machine learning models."
5,Discuss the parallelization of training in gradient boosting models.,"Parallelizing training of a gradient boosting model is indeed possible, leveraging the parallel processing capabilities of modern hardware, such as GPUs. Frameworks like XGBoost offer options like 'tree_method = 'gpu_hist'' to utilize GPUs for faster training. By distributing computation across multiple cores or devices simultaneously, parallelization accelerates the training process, significantly reducing training time and improving efficiency. This approach is particularly beneficial for large datasets and complex models, where traditional sequential training may be computationally intensive and time-consuming."
6,"What defines a Python module, and how does it differ from libraries?","A Python module is a single file that encapsulates specific functionalities, which can be reused in different programs. A library, on the other hand, is a collection of related modules that can offer a broader range of functionalities."
7,Describe power shortly.,"Power, in frequentist statistics, refers to the probability of correctly rejecting the null hypothesis when a true effect exists. It indicates the test's sensitivity to detect a real effect, depending on factors such as sample size, effect size, significance level, and variability. Higher power implies a greater likelihood of detecting an effect if present, while lower power increases the risk of a Type II error (false negative). Power analysis is crucial for designing experiments and ensuring study reliability by determining the sample size needed to achieve adequate power."
8,Is Python call by reference or call by value?,"In Python, function arguments are passed by assignment, which can appear as call by value for immutable data and call by reference for mutable data, depending on whether the objects involved are mutable or immutable."
9,Give a brief explanation of random error.,"Random error refers to fluctuations or discrepancies in measurements or observations that occur due to chance or variability in sampling. It arises from unpredictable factors such as measurement imprecision, instrument calibration errors, or natural variability in the data. Random errors are inherent in any measurement process and cannot be completely eliminated but can be minimized through proper experimental design, replication, and statistical analysis techniques to ensure accurate and reliable results."
10,What is a histogram?,"A histogram is a graphical representation depicting the distribution of numerical data through vertical bars, providing visual insights into data concentration and frequency within specified intervals or bins."
11,"What is the Naive Bayes algorithm, and how is it used in NLP?","Naive Bayes predicts text tags based on probabilities, often used in NLP for classification tasks."
12,How are weights initialized in a neural network?,"Neural network weights are initialized randomly to break symmetry and facilitate diverse feature representation. This randomness ensures each neuron receives unique signals, aiding effective learning and model convergence."
13,Discuss methods for statistically proving that males are taller on average than females using gender height data.,"To demonstrate that males are taller on average than females, hypothesis testing is employed. The null hypothesis states that the average height of males is equal to that of females, while the alternative hypothesis posits that the average height of males is greater than females. By collecting random samples of heights for both genders and conducting a t-test, the statistical difference between the average heights can be assessed. If the test yields a significant result, it provides evidence to support the alternative hypothesis, indicating that males are indeed taller on average than females."
14,Describe methods for handling outliers in a time series dataset.,"Outliers in time series data can be managed through various techniques. Smoothing methods like moving averages can help mitigate the impact of outliers by reducing noise in the data. Transformations such as log transformation can normalize the distribution, making it less susceptible to outliers. Anomaly detection methods like z-scores or modified z-scores can identify and handle outliers effectively. Alternatively, specialized models like robust regression or robust time series models can be utilized to provide robustness against outliers."
15,What is a scatter plot?,"Scatter plots visualize the relationship between two quantitative variables, allowing you to see patterns, trends, and potential correlations in the data."
16,Explain how to utilize the groupby function in data analysis.,"The groupby function in pandas allows grouping rows based on a specified column and applying aggregate functions to each group. For example, df.groupby('Company').mean() groups the data by the 'Company' column and calculates the mean value for each group. This facilitates summarizing data based on categories or groups, enabling insights into patterns and trends within the dataset. Groupby is a powerful tool for exploratory data analysis and generating summary statistics across different segments of the data."
17,What feature selection methods are used to select the right variables?,"Selecting the right variables involves filter methods that use statistical tests to identify relevant features, and wrapper methods that iteratively add or remove features based on model performance."
18,Can you give a brief explanation of embeddings?,"Embeddings are a representation technique in machine learning that maps high-dimensional categorical data into a lower-dimensional continuous space, facilitating models to process and learn from such data more effectively."
19,What is the difference between generative and discriminative models?,"Generative models learn joint probability distributions, enabling sample generation. Discriminative models learn conditional probabilities, mainly used for classification tasks. Generative models capture data generation processes, while discriminative models focus on decision boundaries between classes."
20,How does a basic neural network work?,"A basic neural network functions by taking inputs, processing them through interconnected layers of nodes (each representing a mathematical operation), and outputting a result based on the learned patterns in the data."
21,What is the purpose of the softmax function in a neural network?,Softmax transforms neural network outputs into probability distributions over classes.
22,Provide a brief explanation of inter-quartile range.,"The interquartile range (IQR) measures the spread or dispersion of data within the middle 50% of observations. It is calculated as the difference between the third quartile (Q3) and the first quartile (Q1) of a dataset. The IQR provides insights into the variability of values within a dataset, focusing on the central interval containing half of the sample. It is robust against outliers and extreme values, making it a useful measure of data spread in statistical analysis and inference."
23,Explain the concept of mean absolute error.,"Mean Absolute Error (MAE) quantifies the average discrepancy between predicted and observed values in a dataset. It computes the absolute differences between predicted and actual values and averages them across all data points. MAE provides a straightforward measure of prediction accuracy, representing the typical magnitude of errors in the model's predictions. It is commonly used in regression and forecasting tasks to evaluate model performance and assess the effectiveness of predictive algorithms. MAE's simplicity and interpretability make it a preferred metric for assessing prediction accuracy in various domains, providing valuable insights into the overall predictive performance of a model."
24,Can you explain neural networks?,Neural networks are a set of algorithms modeled loosely after the human brain that help computers recognize patterns and solve problems.
25,What is a batch?,"In machine learning, a batch refers to the set of data points used in one iteration of model training, and batch size specifies the number of these data points."
26,What is data or image augmentation and why is it used?,"Data or image augmentation artificially expands the size of a training dataset by creating modified versions of the data, which helps improve the robustness and generalization of machine learning models."
27,What is NLTK in NLP?,"NLTK, or Natural Language Toolkit, is a suite of libraries and programs for symbolic and statistical natural language processing for English written in Python. It's commonly used for prototyping and building research systems."
28,What is latent semantic indexing (LSI)?,"Latent Semantic Indexing reduces dimensions of text data to capture the underlying meaning, grouping synonyms and reducing noise. It's particularly helpful for improving search accuracy and understanding text semantics."
29,Explain natural language processing (NLP).,"Natural Language Processing (NLP) is a branch of AI focused on enabling computers to comprehend, interpret, and generate human language. It encompasses tasks like language translation, sentiment analysis, and chatbot interactions. By processing text and speech data, NLP systems extract meaning, recognize patterns, and facilitate communication between humans and machines. NLP plays a crucial role in various applications, from virtual assistants and customer service bots to text analytics and machine translation, enhancing user experiences and automating language-related tasks."
30,What exactly is a dataset?,"A dataset is a structured set of data, which could be in various formats like tables or databases, used as input for machine learning models or for analysis purposes."
31,What does unsupervised learning entail?,"Unsupervised learning involves training models to identify patterns or structures within data without explicit labels or target outputs. By exploring data's inherent structure, unsupervised learning algorithms reveal hidden insights and groupings, facilitating tasks like clustering, dimensionality reduction, and anomaly detection."
32,Describe requirement prioritization and list different techniques for it.,Requirement prioritization is the process in business and software development where stakeholders decide the order and importance of fulfilling requirements based on criteria such as impact and urgency.
33,Is it advisable to perform dimensionality reduction before fitting an SVM? Explain your reasoning.,"Dimensionality reduction before SVM can mitigate overfitting and improve computational efficiency, especially when dealing with high-dimensional datasets."
34,What is Apache Spark and how does it differ from MapReduce?,"Apache Spark is distinguished from MapReduce by its ability to process data in-memory, leading to faster execution of iterative algorithms commonly used in machine learning and data processing."
35,Summarize the key idea of rate briefly.,"Rates represent the change or occurrence of events relative to a specific unit of time, space, or other measurable quantity. They are commonly used in various fields to quantify phenomena such as speed, growth, incidence, or occurrence over time. Rates provide valuable insights into the frequency or intensity of events, enabling comparisons across different contexts or populations. Unlike probabilities, which are bounded between 0 and 1, rates can assume any non-negative value and are not restricted by probabilistic constraints."
36,Define model capacity.,Model capacity refers to a model's ability to learn complex patterns and structures from data. Higher capacity models can learn more complex relationships but are also more prone to overfitting if not properly regularized.
37,How would you briefly summarize the key idea of a transformer model?,"Transformer models, exemplified by BERT and GPT, revolutionized NLP by capturing long-range dependencies more effectively. Through attention mechanisms, they allocate importance to input elements dynamically, enhancing the model's understanding of context and semantic relationships, leading to state-of-the-art performance in tasks like language translation, sentiment analysis, and text generation."
38,How are collaborative filtering and content-based filtering similar or different?,"Collaborative filtering and content-based filtering personalize recommendations but diverge in approach: the former analyzes user behavior similarity, while the latter evaluates item properties to make suggestions."
39,Can you explain the difference between bagging and boosting algorithms?,"Bagging and boosting are both ensemble strategies, but they differ in their approach. Bagging reduces variance by averaging predictions from various models trained on different subsets of data. Boosting sequentially trains models with a focus on examples the previous models got wrong, thereby reducing bias."
40,Can you explain anything about FSCK?,FSCK (File System Consistency Check) is a system utility that checks the integrity of a filesystem and repairs issues if granted permission.
41,"Explain the relationship between OLS and linear regression, and maximum likelihood and logistic regression.","OLS and maximum likelihood are techniques used in linear and logistic regression, respectively, to approximate parameter values. OLS minimizes the distance between actual and predicted values, while maximum likelihood selects parameters maximizing the likelihood of producing observed data. Understanding these methods aids in model fitting and parameter estimation, ensuring accurate regression analysis and reliable predictions in statistical modeling and data analysis tasks."
42,What do you know about star schema and snowflake schema?,"The star schema centralizes data with a single fact table linked to dimension tables, often leading to redundancy but faster query speeds. The snowflake schema is a more complex, normalized version of the star schema, reducing redundancy but potentially slower due to complexity."
43,What is a parametric model?,"A parametric model is a mathematical model that makes specific assumptions about the form of the underlying data distribution and has a fixed number of parameters. These parameters characterize the relationship between input and output variables, and their values are estimated from the training data. Parametric models typically assume a specific functional form for the data distribution, such as linear regression or logistic regression, simplifying the modeling process but imposing assumptions on the data structure. Despite these assumptions, parametric models are widely used in statistics and machine learning due to their simplicity and interpretability."
44,Is game theory related to AI?,"Game theory is essential in AI for developing strategies for autonomous agents and multi-agent systems. It analyzes the decision-making processes when multiple decision-makers interact, influencing AI applications like negotiation algorithms and multi-robot coordination."
45,Explain the concept of an agent in the context of Artificial Intelligence (AI).,"In AI, agents are autonomous entities that perceive their surroundings through sensors and act towards achieving predefined goals, using reinforcement learning to improve their actions based on feedback."
46,"Explain hypothesis testing, its necessity, and list some statistical tests.","Hypothesis testing evaluates whether there's sufficient evidence in a sample of data to infer that a certain condition holds for the entire population. Statistical tests like the T-test, Chi-Square, and ANOVA assess the validity of assumptions related to means, variances, and distributions."
47,Discuss various approaches for treating missing values in a dataset.,"Handling missing values involves strategies such as imputation, assignment of default values, or exclusion. For numerical data, missing values can be replaced with the mean or median, ensuring minimal disruption to the data distribution. Categorical variables may be assigned a default value or treated separately. In cases of excessive missing data, dropping the variable altogether may be appropriate, provided it does not significantly impact the analysis."
48,Can you explain what a graph is?,"In TensorFlow, a graph defines computational operations where nodes represent operations and edges denote data flow, crucial for defining and visualizing complex models."
49,What is A/B Testing?,"A/B testing is a method for comparing two versions of a webpage, product feature, or anything else to determine which one performs better in terms of specific metrics like conversion rates, user engagement, etc."
50,Explain statistical power and its importance in hypothesis testing.,"Statistical power quantifies a test's capability to identify effects, indicating how likely it is to reject a null hypothesis when the alternative hypothesis holds, crucial in experimental design and analysis."
51,Explain the concept of a latent variable.,"Latent variables are unobservable variables that underlie observed phenomena in a statistical or mathematical model. While latent variables themselves cannot be directly measured, they influence the observed data and explain patterns or relationships within the data. In statistical modeling, latent variables represent underlying constructs, traits, or factors that manifest indirectly through observable variables. The inference of latent variables involves estimating their values or distributions based on observed data using statistical techniques such as factor analysis, latent class analysis, or latent variable modeling. Latent variables play a crucial role in capturing complex relationships and hidden structures in data, providing insights into underlying mechanisms or processes that govern observed phenomena."
52,Define dependency parsing in natural language processing.,"Dependency parsing is a technique used in NLP to identify the grammatical relationships between words in a sentence, mapping out the structure that reflects how words are connected to each other."
53,What are the different kernels in SVM?,"Support Vector Machines use kernels to transform data into higher dimensions for classification. The main kernels are Linear (simple linear boundaries), Polynomial (complex regions), Radial Basis Function (RBF, for non-linear boundaries), and Sigmoid (similar to neural networks)."
54,Define selection bias and its impact on data analysis.,"Selection bias arises when the participants or data selected for analysis are not representative of the entire population, which can lead to skewed results and affect the validity of the study's conclusions."
55,Can you clarify the concept of candidate sampling?,"Candidate sampling is a method used during model training that selectively calculates probabilities for all positive class instances and a random subset of negative ones, to effectively and efficiently manage class imbalance."
56,What are list and dictionary comprehension? Provide an example of each.,"List comprehension creates lists compactly, like [x for x in range(0,6) if x% 2 == 0] producing [0, 2, 4]. Dictionary comprehension constructs dictionaries efficiently, e.g., {i: j for (i, j) in zip(keys, values)} generates {1: 'one', 2: 'two', 3: 'three'} mapping keys to values in Python. Comprehensions are concise and faster alternatives to loops and functions, improving code readability and efficiency."
57,What are the different algorithms used in machine learning?,"Machine learning algorithms are chosen based on the task: regression (Linear Regression), classification (Logistic Regression, Naive Bayes), and both (Decision Trees, SVM). Unsupervised learning uses algorithms like K-means for clustering and PCA for dimensionality reduction."
58,Can you provide a short description of variance?,"Variance quantifies the spread or dispersion of data points around the mean, reflecting the magnitude of differences among individual values. It provides insight into the dataset's variability, influencing statistical analyses and decision-making processes in fields like finance, engineering, and quality control."
59,What is the difference between the append and extend methods?,"append() inserts a single element at the end of a list, whereas extend() appends elements from an iterable to the list, expanding its contents. While append() is suitable for adding individual elements, extend() is ideal for incorporating multiple elements from iterable objects like lists or tuples, enabling flexible list manipulation and data integration in Python programming."
60,What is the difference between Statistical AI and Classical AI?,"Statistical AI applies inductive reasoning using data patterns, while Classical AI relies on deductive reasoning from predefined rules."
61,Why is randomization necessary in random forests?,"Randomization in Random Forests helps decorrelate trees, reducing overfitting, and improving model generalization by introducing diversity in the ensemble."
62,Can you provide pseudocode for any algorithm?,Algorithm: Decision Tree Initialize tree While stopping criterion not met: Find best split Add node to tree Fit data to node Repeat until stopping criterion met Return tree
63,Discuss the benefits and considerations of performing dimensionality reduction before fitting an SVM.,"Performing dimensionality reduction before fitting a Support Vector Machine (SVM) is beneficial, particularly when the number of features exceeds the number of observations. Dimensionality reduction techniques like Principal Component Analysis (PCA) or Singular Value Decomposition (SVD) help mitigate the curse of dimensionality, reducing computational complexity and improving SVM's generalization performance. By preserving essential information while eliminating redundant features, dimensionality reduction enhances model efficiency and effectiveness in high-dimensional datasets, enhancing SVM's predictive capabilities and scalability."
64,What questions would you consider before creating a chart and dashboard?,"Creating charts and dashboards requires considering the data type, the relationships to be illustrated, the variables involved, and the interactivity required by the end-user."
65,Contrast experimental data with observational data.,"Experimental data results from controlled interventions, allowing researchers to manipulate variables directly, whereas observational data is collected without interventions. Experimental studies establish causality by controlling variables, while observational studies observe correlations between variables without intervention. Understanding these distinctions is crucial for interpreting study results accurately and making informed decisions based on the type of data collected."
66,What is conditional formatting and how is it implemented?,"Conditional formatting in data visualization is used to highlight or differentiate data points in a dataset, aiding in the quick identification of trends, anomalies, or specific conditions."
67,Can you provide a short description of the Cox model?,"The Cox model is a regression method used for survival analysis, relating various factors to the time until an event occurs, such as death or failure, and is capable of handling censored data."
68,How would you define confidence interval?,"A confidence interval is a range of values, derived from the sample data, that is likely to contain the population parameter with a certain level of confidence, accounting for sample variability."
69,Differentiate between machine learning and deep learning.,"Machine learning (ML) focuses on analyzing data using predefined features to make predictions or decisions. In contrast, deep learning (DL) is a subset of ML that mimics the human brain's neural network architecture. DL models automatically learn hierarchical representations of data by extracting features from multiple layers, enabling complex pattern recognition and decision-making. While ML relies on feature engineering to extract relevant information, DL autonomously learns hierarchical representations of data, making it suitable for tasks such as image recognition, natural language processing, and speech recognition, where feature extraction is challenging or time-consuming."
70,Elaborate on Python's role in enabling data engineers.,"Python empowers data engineers by providing robust libraries such as NumPy, pandas, and scipy, which offer efficient tools for data processing, statistical analysis, and data preparation tasks. NumPy enables numerical computations and array operations, pandas facilitates data manipulation and analysis through DataFrame objects, while scipy offers scientific computing functionalities. Leveraging these libraries, data engineers can streamline data workflows, extract meaningful insights, and prepare data for downstream tasks such as machine learning and analytics, enhancing productivity and efficiency in data-driven projects."
71,Describe the purpose and functioning of ensemble methods in machine learning.,Ensemble methods combine predictions from multiple machine learning models to improve accuracy and robustness over single model predictions.
72,Summarize the key idea of a perceptron briefly.,"The perceptron is a basic neural network architecture consisting of a single neuron designed to approximate binary inputs. It receives input signals, applies weights to them, and produces an output based on a threshold function. While limited to linearly separable problems, perceptrons form the building blocks of more complex neural networks and paved the way for modern deep learning architectures. Despite its simplicity, the perceptron laid the foundation for neural network research and contributed to the development of advanced machine learning techniques."
73,"Can you give a brief explanation of augmented intelligence, also known as intelligence augmentation (IA)?","Augmented Intelligence, or Intelligence Augmentation (IA), refers to technology designed to enhance human intelligence rather than operate independently, assisting humans in making decisions and completing tasks."
74,What are generative adversarial networks (GAN)?,"Generative Adversarial Networks are a class of artificial intelligence models composed of two networks, the generative and the discriminative, which are trained simultaneously to generate new, synthetic instances of data that are indistinguishable from real data."
75,What is the difference between NLTK and openNLP?,"NLTK is Python-based, while OpenNLP is Java-based."
76,"What is a minimax algorithm, and explain its terminologies?","The minimax algorithm optimizes decision-making for game players by simulating moves and countermoves, ensuring an optimal strategy against an opponent assuming optimal play."
77,What is a retrospective study?,"Retrospective studies analyze historical data or events to investigate relationships, associations, or outcomes retrospectively. Researchers collect data from past records, documents, or databases to examine the occurrence of outcomes and potential risk factors or exposures. Retrospective studies are commonly used in epidemiology, clinical research, and social sciences to explore hypotheses, identify trends, or assess the impact of interventions retrospectively. However, retrospective studies may be subject to biases and limitations due to reliance on existing data and potential confounding variables."
78,Differentiate between data mining and data warehousing.,"Data mining uncovers patterns and relationships in data, whereas data warehousing integrates and stores data for analysis purposes. While data mining extracts actionable insights from large datasets, data warehousing facilitates data storage, retrieval, and analysis by consolidating data from multiple sources. Both play complementary roles in extracting value from data, enabling informed decision-making and strategic planning in organizations."
79,Explain the difference between online and batch learning.,"Online learning processes one observation at a time, while batch learning uses the entire dataset at once."
80,Which Python libraries are you familiar with?,"Python libraries like NumPy, Pandas, and Scikit-Learn are widely used for data manipulation and machine learning tasks, while Keras and TensorFlow are popular for deep learning applications."
81,Outline the basic concept of residual.,"Residuals represent the discrepancy between observed and predicted values in a statistical model, reflecting the unexplained variability that remains after accounting for the effects of predictor variables. In regression analysis, residuals quantify the degree to which the model fits the observed data. Ideally, residuals should be randomly distributed around zero, indicating that the model adequately captures the underlying relationships between variables. Residual analysis is essential for assessing the goodness-of-fit and assumptions of regression models, guiding model refinement and interpretation."
82,Outline the concept of inter-rater agreement.,"Inter-rater agreement assesses the consistency or reliability of human raters when performing a task, such as coding, scoring, or classifying observations. It quantifies the level of agreement or consensus between raters, often using statistical metrics like Cohen's kappa or Fleiss' kappa. Higher agreement indicates greater reliability in human judgments, while discrepancies suggest areas for improvement in task instructions or rater training to enhance consistency and accuracy in assessments."
83,Summarize the purpose of the input layer in neural networks.,"The input layer of a neural network is where the raw input data is received and processed. It consists of nodes corresponding to input features, with each node representing a feature value. The input layer serves as the entry point for data into the neural network, transmitting input signals to subsequent layers for further processing and analysis. Its primary function is to transform raw data into a format suitable for propagation through the network, initiating the process of information flow and computation in the neural architecture."
84,Describe strata and stratified sampling shortly.,"Stratified sampling involves partitioning the population into distinct and homogeneous subgroups (strata) based on specific characteristics. By drawing random samples from each stratum, this technique ensures proportional representation of various subgroups, enabling more accurate and precise estimates of population parameters while minimizing sampling bias and enhancing the reliability of study results."
85,Discuss the relationship between data imputation and mean imputation.,"Mean imputation of missing data is often discouraged due to several limitations and drawbacks. Firstly, mean imputation ignores the potential relationship between features, leading to biased estimates and inaccurate representations of the data. For instance, if missing values are imputed with the mean of the entire dataset, it may artificially inflate or deflate feature values, distorting the underlying patterns or distributions. Additionally, mean imputation reduces the variability of the data, increasing bias and underestimating uncertainty in the model. This narrower confidence interval limits the model's robustness and generalization performance, compromising the reliability of predictions or inferences. Consequently, alternative imputation methods that preserve data structure and account for feature dependencies, such as multiple imputation or predictive modeling, are preferred in practice for handling missing data effectively."
86,Explain how time series forecasting is performed in machine learning.,"Time series forecasting involves employing a range of techniques tailored to the data characteristics. Autoregressive models capture dependencies between lagged observations, while moving average models focus on smoothing fluctuations. Advanced methods like Prophet or LSTM networks excel at capturing complex patterns and long-term dependencies in sequential data. Choosing the appropriate technique depends on the data properties and forecasting requirements to ensure accurate predictions."
87,Can you outline the basic concept of root mean squared error or RMSE?,"Root Mean Squared Error (RMSE) quantifies the average deviation between observed and predicted values in a regression analysis. It measures the dispersion or variability of data points around the regression line, providing a comprehensive assessment of model accuracy. By taking the square root of the mean squared error, RMSE represents the typical magnitude of prediction errors, facilitating the comparison of model performance and guiding model selection or refinement processes."
88,What does OLAP signify in data warehousing?,"OLAP systems facilitate complex analytical queries and multi-dimensional analysis, which is essential for decision support and business intelligence applications."
89,Summarize how to prevent overfitting in a model.,"Preventing overfitting involves techniques like cross-validation, regularization, and model complexity control. Cross-validation methods such as K-fold validation help assess model performance on unseen data, reducing the risk of overfitting to training data. Regularization techniques penalize overly complex models to prioritize simpler, more generalizable solutions. Controlling model complexity through feature selection or dimensionality reduction also mitigates overfitting by focusing on essential information. By applying these strategies, practitioners can build robust models that generalize well to new data and avoid overfitting pitfalls in machine learning applications."
90,Differentiate between supervised and unsupervised learning.,"Supervised learning utilizes labeled data for training, whereas unsupervised learning extracts patterns from unlabeled data, useful for tasks like clustering or dimensionality reduction."
91,Differentiate between indexing and slicing.,Indexing retrieves individual elements; slicing fetches sequences of elements.
92,Define machine learning and its types.,"Machine learning involves training models to perform tasks by learning from data, rather than through explicit programming. It encompasses a variety of techniques and algorithms used for pattern recognition, prediction, and data-driven decision-making."
93,What is the basic concept of gradient?,"The gradient indicates the direction of maximum increase of a function, essential for optimization algorithms like gradient descent."
94,Clarify the concept of limited memory.,"Limited memory systems can retain information within a defined timeframe, essential for tasks requiring temporal context or real-time processing."
95,What is superintelligence?,"Superintelligence refers to hypothetical artificial or human-created intelligence that significantly exceeds the cognitive abilities of humans across multiple domains. Speculation about the implications of such intelligence often revolves around its potential to solve complex problems, accelerate scientific discovery, and fundamentally alter societal structures, posing both opportunities and risks for humanity."
96,What are project deliverables?,Project deliverables are the tangible or intangible outcomes of a project that fulfill the project's objectives and are handed over to the client or stakeholder upon completion.
97,What is flexible string matching?,"Flexible string matching, or fuzzy string matching, allows for the identification of strings that are similar but not identical to a given pattern, useful in search functions and data cleaning."
98,Can you provide a brief explanation of gradient descent?,"Gradient descent updates model parameters iteratively, moving towards the minimum loss point by adjusting weights and biases based on the computed gradients."
99,How do you clarify the concept of type I error?,"Type I error occurs when a statistical test incorrectly concludes that there is a significant effect or difference when, in reality, no such effect exists. It represents the probability of erroneously rejecting the null hypothesis, potentially leading to erroneous conclusions and misguided decisions based on statistical analyses."
100,Can you explain the Boltzmann machine and what is a restricted Boltzmann machine?,"A Boltzmann machine is a network that makes decisions by considering how changing one piece can affect the whole, and an RBM simplifies this by restricting connections."
101,What are confounding variables?,"Confounding variables affect both dependent and independent variables, leading to misleading associations and potentially erroneous conclusions, highlighting the importance of controlling for confounding factors in research and statistical analysis to ensure accurate and valid results."
102,What is the mean squared error (MSE)?,"Mean Squared Error (MSE) calculates the average of the squared differences between predicted and observed values in a dataset. It provides a measure of the average magnitude of errors in a predictive model, emphasizing larger errors due to the squaring operation. MSE is commonly used as a loss function in regression and optimization tasks, guiding the training process to minimize prediction errors. While sensitive to outliers, MSE penalizes larger errors more heavily than smaller ones, offering a comprehensive assessment of prediction accuracy. Its widespread adoption in machine learning and statistical modeling underscores its utility in evaluating model performance and guiding model improvement efforts."
103,Define PAC learning.,Probably Approximately Correct (PAC) learning is a framework in theoretical computer science that seeks to understand the efficiency of machine learning algorithms in terms of their ability to provide guarantees on the performance of learned functions from limited samples.
104,Explain standard deviation briefly.,"Standard deviation measures the spread or variability of data points around the mean of a distribution. It quantifies the average distance of individual data points from the mean, providing insights into the dispersion of data. By taking the square root of the variance, standard deviation expresses the typical deviation of data values from the mean, offering a concise summary of data variability and aiding in statistical analysis and decision-making processes."
105,Give a brief explanation of recurrent neural network (RNN).,"Recurrent neural networks (RNNs) are neural network architectures designed to process sequential data by maintaining an internal state or memory. Unlike feedforward neural networks, RNNs establish connections between nodes in a directed graph along a temporal sequence, enabling them to capture temporal dependencies and exhibit dynamic behavior over time. RNNs are well-suited for tasks involving sequential data, such as time series forecasting, natural language processing, speech recognition, and handwriting recognition, due to their ability to model temporal relationships and context."
106,Can you explain the concept of random forests?,Random forests are an ensemble learning method that builds numerous decision trees during training and makes predictions by averaging the results. This process helps in reducing overfitting and improving the model's ability to generalize.
107,Define the p-value.,The p-value is the probability of observing results as extreme as the ones obtained under the null hypothesis.
108,Explain pragmatic analysis in NLP.,"Pragmatic analysis in NLP involves deriving the intended meaning or action from a given text by considering context, goals of the speaker, and inferred knowledge, beyond just the literal content."
109,What distinguishes a regular expression from regular grammar?,"Regular expressions are pattern matching tools for character sequences, enabling string manipulation and matching, whereas regular grammars generate regular languages, describing formal language structures. While regular expressions facilitate text processing and pattern matching tasks, regular grammars provide formal rules for generating and recognizing regular languages, offering essential tools for linguistic analysis and formal language description in various computational contexts."
110,Name the life stages of model development in a machine learning project.,"Model development progresses through various stages, starting with defining the business problem and understanding data requirements. Exploratory analysis and data preparation ensure data quality and understanding. Feature engineering optimizes input variables for modeling. Data split separates training and testing datasets. Model building, testing, and implementation iteratively refine and deploy the model. Performance tracking monitors model effectiveness over time, ensuring continuous improvement and alignment with evolving business needs."
111,What is the key idea behind robotics summarized briefly?,"Robotics encompasses the interdisciplinary field of technology involving the design, development, operation, and application of robots. These machines are designed to perform tasks autonomously or semi-autonomously, ranging from industrial automation to healthcare assistance and exploration. Robotics aims to enhance productivity, improve safety, and expand the capabilities of humans by automating repetitive, hazardous, or physically demanding tasks across various industries and domains."
112,What types of biases can occur during sampling?,"Sampling biases include selection bias, undercoverage bias, and survivorship bias, all of which can skew results and misrepresent populations."
113,Explain the ROC curve and when to use it.,The ROC curve evaluates binary classifiers' performance and is used when predicting probabilities of binary outcomes.
114,What are type I and type II errors?,"A type I error occurs when a correct hypothesis is wrongly rejected, while a type II error occurs when an incorrect hypothesis is wrongly accepted, reflecting the two main kinds of errors in statistical hypothesis testing."
115,Summarize the key idea of predictive modeling briefly.,"Predictive modeling involves building mathematical models based on historical data to forecast future outcomes. By identifying patterns and relationships in past data, predictive models can make accurate predictions about future events or behaviors, enabling businesses to make informed decisions and optimize strategies. These models are trained using algorithms such as regression, decision trees, or neural networks to learn from data and generalize patterns, allowing for reliable predictions in real-world scenarios."
116,Which Python libraries are frequently used in machine learning?,"Common ML libraries include Pandas for data manipulation, NumPy for numerical operations, SciPy for scientific computing, Sklearn for ML algorithms, and TensorFlow for deep learning."
117,Provide a short description of a model.,"A model in statistical analysis specifies the probabilistic relationship between variables, enabling predictions. It's constructed using algorithms and trained on data to learn patterns and make forecasts. Models play a crucial role in various domains, facilitating decision-making and understanding complex systems by quantifying relationships and predicting outcomes based on input variables."
118,Describe K-fold cross-validation.,"K-fold cross-validation involves dividing the dataset into k consecutive folds and then systematically using one fold as the validation set and the others as the training set. This method ensures that each data point is used for both training and validation, which helps in assessing the model's generalization performance."
119,What are the possible approaches to solving the cold start problem?,"Content-based filtering and demographic filtering are common strategies to address the cold start problem in recommendation systems. Content-based filtering recommends items based on their attributes and similarities to items a user has interacted with, bypassing the need for historical user ratings. Demographic filtering leverages user profiles or demographic information to recommend items tailored to user preferences, mitigating the cold start problem for new users by identifying similarities with existing user segments. These approaches enable recommendation systems to provide personalized recommendations even for new users or items with sparse data, enhancing user satisfaction and engagement."
120,What does classification entail in machine learning?,"Classification in machine learning is the process of predicting the category to which a new observation belongs, based on a training dataset of pre-categorized instances."
121,Outline strategies for dealing with unbalanced binary classification.,"Addressing unbalanced binary classification involves several strategies: reconsidering evaluation metrics, increasing the penalty for misclassifying the minority class, and balancing class distribution through oversampling or undersampling techniques. By adopting appropriate metrics such as precision and recall, adjusting misclassification penalties, or rebalancing class distribution, classifiers can effectively handle imbalanced datasets and improve performance in identifying minority classes, ensuring reliable predictions in real-world scenarios."
122,Can you summarize the key concept of a chatbot?,"A chatbot is an AI application that simulates a conversation with human users by interpreting and responding to their messages, often providing customer service or information access."
123,"Outline the basic concept of predictor, explanatory variable, risk factor, covariate, covariable, independent variable.","In statistical analysis, various terms are used interchangeably to refer to variables that influence outcomes. Predictors, explanatory variables, risk factors, covariates, covariables, and independent variables are all terms used to describe factors that may affect the outcome of interest. These variables can be measured at baseline or updated over time and are essential for understanding relationships and making predictions in research or modeling. Differentiating between these terms helps clarify their roles in statistical analysis and experimental design."
124,What is partial order planning?,"Partial order planning is used in artificial intelligence to build plans that are flexible regarding the order of operations. It allows for more complex planning where the exact sequence of actions is not predetermined, allowing for more adaptable solutions."
125,Discuss different algorithms for hyperparameter optimization.,"Hyperparameter optimization employs various algorithms like Grid Search, Random Search, and Bayesian Optimization. Grid Search exhaustively explores parameter combinations, Random Search randomly samples from a predefined space, and Bayesian Optimization uses Bayesian inference to direct the search efficiently, each offering distinct advantages in finding optimal hyperparameters for machine learning models."
126,What are the common ETL tools used during data warehousing activities?,"In data warehousing, popular ETL (Extract, Transform, Load) tools include Informatica for enterprise data integration, Talend for data management and integration, Ab Initio for handling large data volumes, Oracle Data Integrator for combining with Oracle databases, Skyvia for cloud data integration, SSIS for SQL Server integration, Pentaho for business analytics, and Xplenty for ETL processes in the cloud."
127,What are the two paradigms of ensemble methods?,"Ensemble methods improve predictions by combining models. Parallel methods like Bagging build models independently, while sequential methods like Boosting focus on correcting predecessor errors."
128,Provide a brief explanation of k-nearest neighbors (KNN).,"K-nearest neighbors (KNN) is a simple and intuitive machine learning algorithm used for classification and regression tasks. It operates by identifying the 'k' nearest data points (neighbors) to a query point in the feature space and classifying the query point based on the majority class (for classification) or averaging the target values (for regression) of its neighbors. KNN relies on the assumption that similar data points tend to belong to the same class or have similar target values, making it effective for tasks involving local patterns or neighborhoods in the data."
129,Define and illustrate the concept of convex hull in geometry.,"In support vector machines (SVM), the convex hull concept relates to finding the hyperplane that best divides data into classes with the maximum margin, ensuring optimal separation."
130,Clarify whether logistic regression is considered a linear model and explain why.,"Logistic Regression is indeed a linear model because it models the relationship between the independent variables and the logarithm of the odds of the dependent variable. Despite the name ""regression,"" logistic regression is used for classification tasks, where it predicts the probability of an observation belonging to a particular class. The model's decision boundary is linear in the feature space, making logistic regression a linear classifier suitable for binary and multiclass classification problems."
131,List variants of recurrent neural networks (RNN).,"Variants of Recurrent Neural Networks (RNNs) include Long Short-term Memory (LSTM) and Gated Recurrent Unit (GRU), designed to address the vanishing gradient problem. Additionally, architectures like end-to-end networks and memory networks enhance RNN capabilities for tasks involving sequential data processing, offering improved memory and learning capacity. These variants cater to different requirements in NLP and sequential modeling, providing flexibility and efficiency in capturing long-range dependencies and context in data."
132,Explain weak AI briefly.,"Weak AI, referred to as Narrow or Applied AI, encompasses AI systems tailored for specific tasks or domains, exhibiting intelligence within limited contexts. Unlike AGI, weak AI lacks human-like cognitive abilities, focusing on solving particular problems efficiently, making it suitable for applications like virtual assistants, recommendation systems, and image recognition."
133,Define TF/IDF vectorization and its role in text processing.,"TF-IDF vectorization converts text into numerical vectors, capturing word importance for analysis, aiding tasks like document clustering or sentiment analysis."
134,Define hyperparameters and their definition.,"Hyperparameters are parameters set before model training, governing network architecture, training process, and optimization strategy, influencing model performance and behavior, and requiring careful selection and tuning to ensure optimal learning and generalization in machine learning tasks."
135,"Differentiate between pass, continue, and break.",Pass is a placeholder; Continue skips iteration; Break exits loop prematurely.
136,Are CNNs resistant to rotations? What happens to the predictions of a CNN if an image is rotated?,"Convolutional Neural Networks (CNNs) inherently lack rotation invariance, meaning a model's predictions can be affected if the input image is rotated unless the dataset has been augmented with rotated examples during training."
137,How can the entropy of the English language be estimated?,"English language entropy estimation utilizes N-grams analysis to evaluate letter probabilistic distributions and sequences, providing insights into linguistic complexity and information content."
138,Explain parsing.,"Parsing is the process by which sentences are broken down and analyzed to understand the grammatical structure and relationship between words, which is crucial for natural language understanding and other NLP tasks."
139,What is econometrics?,"Econometrics uses statistical techniques to analyze economic data, helping to understand economic relationships and predict future trends based on historical data."
140,"Explain the differences between %, /, and // operators in Python.","% calculates the remainder after division, / yields the quotient, and // performs floor division, truncating the quotient to the nearest integer. These operators serve distinct purposes in arithmetic operations, addressing specific requirements like computing remainders or obtaining integer results. Understanding their distinctions enables precise numerical computations across various mathematical contexts."
141,Clarify the concept of Jupyter Notebook.,"Jupyter Notebook is a popular open-source web application utilized for creating and sharing documents that integrate live code, equations, visualizations, and narrative text. It provides an interactive computing environment where users can write and execute code, visualize data, and generate dynamic reports or presentations. Jupyter notebooks support various programming languages, including Python, R, and Julia, making them versatile tools for data analysis, scientific computing, and machine learning experimentation. With features like inline plotting and markdown support, Jupyter notebooks facilitate collaborative research, prototyping, and reproducible workflows in fields like artificial intelligence, data science, and academic research. Their flexibility and interactivity make them invaluable tools for exploring, documenting, and sharing computational workflows and findings."
142,Describe the bag of words model and its application in text classification.,"The Bag of Words model simplifies text by treating it as a collection of independent items, allowing for straightforward but effective text categorization and information retrieval based on word frequencies."
143,Can you describe the concept of transfer learning in computer vision?,"Transfer learning in computer vision is a technique where a model developed for a specific task is repurposed on a second related task, utilizing the knowledge gained during training on the first task to improve learning on the second."
144,Give a brief explanation of principal component analysis.,"Principal Component Analysis (PCA) is a dimensionality reduction technique used to identify patterns and relationships in high-dimensional data. It analyzes the variance in the data and identifies the principal components, which are linear combinations of the original variables that explain the maximum variance. By retaining the most important features while reducing dimensionality, PCA simplifies complex datasets, facilitates visualization, and enables efficient data analysis and interpretation. PCA is widely used in various fields, including finance, image processing, and genetics."
145,"Which algorithm does Facebook use for face verification, and how does it work?","Facebook utilizes DeepFace for face verification, employing neural networks to detect, align, extract patterns, and classify faces accurately, leveraging large training datasets for robust performance."
146,What are some key differences between OLAP and OLTP?,"OLAP and OLTP serve distinct purposes in data management and analysis. OLTP, or Online Transaction Processing, handles operational data and transactions, supporting quick access to essential business information through simple queries and normalized database structures. In contrast, OLAP, or Online Analytical Processing, integrates data from diverse sources to provide multidimensional insights for decision-making, utilizing denormalized databases and specialized querying techniques to analyze complex business events and trends."
147,Can you clarify the concept of generalized linear model?,"Generalized linear models (GLMs) extend traditional linear regression to allow for response variables that have error distribution models other than a normal distribution, accommodating binary, count, and other data types."
148,Explain the difference between data profiling and data mining.,"Data profiling examines individual data attributes, providing insights into data characteristics, while data mining uncovers patterns and relations in data, enabling predictive modeling and decision-making. While data profiling offers a descriptive summary of data attributes, data mining performs exploratory analysis to extract actionable insights and discover hidden relationships, enhancing understanding and utilization of data in various domains and applications."
149,What is openNLP?,"Apache OpenNLP is a machine learning-based toolkit for processing natural language text. It supports common NLP tasks such as tokenization, parsing, named entity recognition, and more."
150,What is a detectable difference?,"Detectable difference refers to the smallest effect size that can be reliably identified by a statistical test, given its power to discern true effects from random variation in the data."
151,How can you combat overfitting and underfitting?,"To combat overfitting and underfitting, one can utilize various methods. Resampling the data and estimating model accuracy, using a validation set to evaluate the model's performance, and applying regularization techniques are common approaches. Regularization adds a penalty term to the model's loss function to prevent it from becoming overly complex, thus reducing overfitting."
152,What does an S curve entail?,"The S-curve is a graphical depiction of variable changes over time, characterized by an initial slow growth phase, followed by rapid acceleration, and eventual saturation or stabilization. It is often observed in phenomena such as technological adoption, population growth, or product lifecycle, reflecting the dynamics of exponential growth and market saturation. The S-curve serves as a visual tool for analyzing and forecasting trends, guiding strategic decision-making and resource allocation."
153,What are the tools of AI?,"AI tools range from libraries like Scikit Learn for machine learning to TensorFlow and Keras for deep learning, providing environments for developing AI models."
154,What does computer-aided diagnosis (CADx) involve?,"Computer-aided diagnosis (CADx) systems support the interpretation of medical images, providing assistance to radiologists in differentiating between benign and malignant findings."
155,What is TensorFlow?,"TensorFlow is a versatile and scalable machine learning framework designed for building and deploying AI models across various domains. Developed by Google Brain, TensorFlow offers comprehensive support for deep learning, reinforcement learning, and distributed computing, empowering developers and researchers to create advanced AI solutions, from simple neural networks to complex deep learning architectures."
156,Explain the survival function.,"The survival function, also known as the survival curve, represents the probability that a subject will survive beyond a given time point. It estimates the proportion of individuals free from an event of interest, such as death or failure, at each time point, providing valuable insights into the time course of events in survival analysis."
157,"What is the ""kernel trick,"" and how is it useful?","The kernel trick computes inner products between data pairs in a higher-dimensional space efficiently, enabling algorithms to operate effectively with lower-dimensional data. It enhances computational efficiency and performance, making high-dimensional calculations feasible with lower-dimensional data."
158,"Define ETL (Extract, Transform, Load) and its role in data integration.","ETL stands for Extract, Transform, Load, and it describes the process of taking data from one or more sources, converting it into a format that can be analyzed, and loading it into a data warehouse or system for use in reporting and analytics."
159,Explain the concept and significance of cross-validation in model evaluation.,Cross-validation is a statistical technique for evaluating how well a model will generalize to an independent dataset by partitioning the original data into a training set to train the model and a test set to evaluate it.
160,Can you summarize the significance of classification threshold?,The classification threshold is a cutoff point used in logistic regression and other probabilistic classifiers to distinguish between different class labels based on predicted probabilities.
161,Can you summarize the purpose of cross-validation in machine learning?,"Cross-validation is a technique used to evaluate the generalizability of a statistical model, by partitioning the data into subsets and testing the models ability to predict new data not used during training."
162,"What are three types of statistical biases, and can you explain each with an example?","Sampling bias occurs when a sample is biased due to non-random selection. For instance, if out of 10 people in a room, only three females are surveyed about their preference between grapes and bananas, and the conclusion is drawn that most people prefer grapes, it demonstrates sampling bias. Confirmation bias refers to the inclination to favor information that aligns with one's beliefs. Survivorship bias is observed when only individuals who have ""survived"" a lengthy process are included or excluded in an analysis, leading to a skewed sample."
163,What is COSHH (Control of Substances Hazardous to Health)?,COSHH is an approach to scheduling tasks in a Hadoop environment that takes into account the classification and optimization of jobs based on various resource characteristics and demands.
164,Clarify the concept of an outlier.,"Outliers are data points that deviate significantly from the general trend or distribution of the dataset. They may indicate measurement errors, rare events, or genuine anomalies in the data. Identifying and handling outliers is essential in data analysis to prevent skewed results and ensure accurate modeling and inference. Outliers can be detected using statistical methods or visual inspection and should be carefully examined to determine their impact on analysis outcomes and whether they warrant further investigation or data treatment."
165,Outline the process of data validation.,"Data validation involves multiple checks such as verifying data types, detecting outliers and data range, ensuring data formats (especially for dates), and assessing data consistency and uniqueness. These validation steps help identify data quality issues, including inconsistencies, inaccuracies, or missing values, ensuring that data meets predefined quality standards. By validating data integrity and completeness, practitioners can enhance the reliability and usability of datasets for analysis, modeling, and decision-making, minimizing the risk of errors and biases in downstream tasks such as machine learning and business intelligence."
166,Can you clarify the concept of Adagrad?,"AdaGrad, short for Adaptive Gradient Algorithm, adjusts the learning rates for each parameter individually by scaling them according to the accumulation of past gradients, enabling different learning rates for each parameter."
167,What type of algorithm is behind the Customers who purchased this item also bought suggestions on Amazon?,"The recommendations on Amazon are generated through a collaborative filtering algorithm, which relies on user behavior such as transaction history and ratings to suggest items to new users without needing to know the features of the items themselves."
168,Explain how to determine the appropriate number of trees in a random forest.,"The number of trees in a random forest is determined using the n_estimators parameter. Initially, start with a reasonable number of trees and monitor the model's performance as the number of trees increases. Continue adding trees until the performance stabilizes, indicating diminishing returns in predictive accuracy. Finding the optimal number of trees involves a trade-off between model complexity and computational resources."
169,What does the term Q-Learning refer to in reinforcement learning?,Q-Learning teaches an agent to find the best actions to take by trying them out and learning from the rewards or penalties.
170,Differentiate between supervised and unsupervised learning in data science.,"Data science uses scientific methods and algorithms to extract insights from data. Supervised learning uses labeled data for prediction and classification, while unsupervised learning finds patterns and relationships in unlabeled data."
171,Outline the basic concept of recommendation algorithms.,"Recommendation algorithms analyze past user preferences and interactions to generate personalized suggestions or recommendations for items or content. By identifying patterns and similarities in historical data, these algorithms predict user preferences and offer relevant recommendations, thereby enhancing user experience and engagement. Recommendation algorithms are widely used in e-commerce platforms, content streaming services, social media, and online advertising to personalize content delivery and improve user satisfaction and retention."
172,Describe the process and advantages of business process modeling.,"Business process modeling involves creating detailed flowcharts or diagrams that map out the steps of a business process, offering clarity, improving efficiency, identifying bottlenecks, and streamlining workflow."
173,Clarify the concept of one-hot encoding.,"One hot encoding transforms categorical variables into a binary format, where each category is represented by a binary vector. In this encoding, only one bit is ""hot"" (set to 1) for each category, indicating its presence. This method ensures interpretability for machine learning models, allowing them to understand and process categorical data effectively by representing each category as a separate feature."
174,What is goodness of fit?,"Goodness of fit evaluates how well the observed data aligns with expected patterns or distributions, crucial for validating statistical models."
175,What is the basic concept of an estimator?,"An estimator is a mathematical formula or algorithm that processes sample data to produce a value, which serves as an estimate of an unknown parameter such as a population mean or proportion."
176,Outline the basic concept of relative risk or risk ratio.,"The relative risk or risk ratio compares the probability of an event occurring in one group to the probability of the same event occurring in another group. It measures the strength of association between exposure to a risk factor and the likelihood of experiencing an outcome. Unlike odds ratios and hazard ratios, which can be constant across different populations, risk ratios depend on the baseline risk level and the definition of the event being studied. Understanding relative risk is crucial in epidemiology and clinical research for assessing the impact of interventions or exposures on health outcomes."
177,What is a perceptron?,"The perceptron is a fundamental unit of a neural network, often used in binary classification tasks. It is an algorithm that makes predictions based on a linear predictor function by weighing inputs with weights and biases."
178,What is the difference between information extraction and information retrieval?,"Information Extraction (IE) derives semantic info like named entity recognition. Information Retrieval (IR) stores and retrieves data, akin to database searches. IE deals with text analysis, while IR focuses on data storage and retrieval, both crucial for information management systems."
179,Can you explain the gate or general architecture for text engineering?,"GATE (General Architecture for Text Engineering) is a comprehensive framework that provides tools for various NLP tasks, and its modular design allows for the incorporation and integration of additional processing resources."
180,List some real-world applications of natural language processing (NLP).,"NLP finds application in speech recognition, powering virtual assistants to understand and respond to spoken commands, enhancing user experience."
181,What are the three types of slowly changing dimensions?,"Slowly Changing Dimensions (SCD) manage changes over time in a data warehouse. Type 1 overwrites data, Type 2 preserves historical data, and Type 3 tracks changes using additional columns."
182,"What is rack awareness, and how does it apply to distributed systems?",Rack awareness is a strategy in distributed systems like Hadoop that optimizes network traffic and data reliability by organizing data storage across multiple racks efficiently.
183,What tools are used for training NLP models?,"Tools for training NLP models include NLTK for language processing tasks, spaCy for advanced NLP, and PyTorch-NLP for deep learning in NLP."
184,Explain how to set the learning rate in machine learning algorithms.,"Setting the learning rate in machine learning involves starting with a small value (e.g., 0.01) and adjusting based on model performance. The learning rate controls the size of parameter updates during training and affects convergence speed and model stability. Experimentation and evaluation help identify an optimal learning rate that balances convergence speed without overshooting or converging too slowly. By iteratively adjusting the learning rate and monitoring model performance, practitioners can optimize training dynamics and achieve faster convergence and better generalization in machine learning models."
185,Define and describe the concept of knowledge engineering.,"Knowledge engineering is a discipline within artificial intelligence (AI) concerned with designing, building, and maintaining knowledge-based systems that mimic human expertise in specific domains. It involves eliciting, representing, and formalizing knowledge from human experts into a computable form that machines can utilize for problem-solving, decision-making, and reasoning tasks. Knowledge engineers leverage various techniques, including rule-based systems, ontologies, and knowledge graphs, to capture and encode domain-specific knowledge effectively. By bridging the gap between human expertise and machine intelligence, knowledge engineering facilitates the development of expert systems, diagnostic tools, and decision support systems across diverse fields such as medicine, finance, and engineering."
186,Explain how XGBoost manages the bias-variance tradeoff.,"XGBoost mitigates bias and variance by employing boosting and ensemble techniques. Boosting iteratively combines weak models to produce a strong learner, focusing on minimizing errors and improving predictions. By taking a weighted average of multiple weak models, XGBoost reduces both bias and variance, resulting in a robust and accurate final model. Additionally, ensemble techniques, such as bagging and feature subsampling, further enhance model generalization by reducing overfitting and increasing diversity among base learners. This comprehensive approach effectively balances bias and variance, yielding high-performance models across various machine learning tasks."
187,What assumptions underlie linear regression?,"Linear regression assumes that variables have linear relationships, errors exhibit constant variance (homoscedasticity), predictors are not highly correlated (no multicollinearity), and errors follow a normal distribution."
188,What are some ways to reshape a pandas DataFrame?,"In pandas, reshaping dataframes can be done by stacking or unstacking levels, or melting, which changes the shape by pivoting on identifiers and making data more tidy for analysis."
189,Are there regularizers for neural networks?,"Neural networks use regularizers like dropout to prevent overfitting, which involves randomly disabling neurons during training to encourage model simplicity."
190,Explain capturing correlation between continuous and categorical variables.,"ANCOVA (Analysis of Covariance) is a statistical technique used to analyze the relationship between a continuous dependent variable and a categorical independent variable, while controlling for one or more continuous covariates. It extends the traditional ANOVA method by incorporating covariates into the analysis, enabling the assessment of the relationship between the main effects and the covariates. ANCOVA allows researchers to investigate how categorical variables impact continuous outcomes while accounting for the influence of covariates, providing a comprehensive understanding of the relationship between variables in statistical analysis."
191,How would you briefly summarize the key idea of true positive?,"True positives signify instances where a diagnostic test correctly identifies individuals as having a particular condition when they truly possess it. They are fundamental for evaluating a test's sensitivity, reflecting its ability to accurately detect the presence of a condition, thereby aiding in early diagnosis and intervention."
192,Explain the bias-variance tradeoff in machine learning.,"The bias-variance tradeoff manages model complexity, preventing underfitting or overfitting. A balanced model captures underlying patterns without memorizing noise. High bias models simplify relationships, risking underfitting, while high variance models capture noise, risking overfitting. Achieving an optimal balance enhances predictive performance."
193,Clarify the concept of marginal and marginalization.,"Marginal quantities or estimates represent averages over specific units or characteristics, often obtained by summing or averaging conditional quantities. Marginalization refers to removing conditioning on a factor, allowing for analysis across broader contexts or aggregating information. For example, in a 2x2 frequency table, marginal estimates sum columns across rows to obtain overall probabilities, enabling broader insights into the relationship between variables. Marginalization facilitates understanding patterns and relationships by considering overall trends rather than specific conditions."
194,What is the purpose of a namenode in HDFS?,The NameNode in HDFS is like a library's index; it keeps track of where all the files are stored in the system.
195,What is a brief description of a baseline?,"A baseline in machine learning establishes a reference point against which the performance of more complex models can be compared, often serving as a simple starting model."
196,Why are activation functions required in neural networks?,"Activation functions introduce nonlinearity, enabling neural networks to learn complex relationships between inputs and outputs, enhancing model capacity and expressiveness."
197,Can you explain a bidirectional search algorithm?,"A bidirectional search algorithm runs two simultaneous searches: one forward from the starting point and one backward from the goal. The aim is to meet in the middle, thus potentially finding a solution faster than a unidirectional search."
198,Do gradient descent methods always converge to similar points?,"Gradient descent methods may converge to different local optima, which depend on the starting conditions and the nature of the cost function."
199,Describe word2vec.,"Word2vec is a suite of models used to produce word embeddings, trained to predict surrounding words in a linguistic context."
200,What is the difference between a generative and discriminative model?,"Generative models learn data categories, while discriminative models learn category distinctions. Discriminative models generally outperform generative models in classification tasks."
