id,question
1,In what scenarios can a machine learning model suffer from underfitting?
1,How does regularisation help prevent overfitting in deep neural networks?
1,What are some common techniques used to detect overfitting in logistic regression models?
2,How does a false positive result from data analysis affect the accuracy of a model?
2,Can you give an example where distinguishing between true and false negatives is important in datascience?
2,What methods can be used to prevent or minimize instances of false positives in classification tasks?
3,Can you provide a real-world example of how Phase IV studies impact healthcare decision-making?
3,What are some common challenges associated with conducting Phase IV studies compared to the earlier phases of clinical development?
3,"How do Phase IV studies collect data and insights from patients, and what sources do they typically draw upon?"
4,How does semi-supervised learning integrate labeled and unlabeled data during model training?
4,What are the benefits of using semi-supervised learning when acquiring labeled data is resource-intensive?
4,Can you compare mini-batch k-means vs hierarchical clustering algorithms for unsupervised learning?
5,How does one utilize GPUs for faster training in gradient boosting models?
5,"Can parallelization of training improve efficiency and reduce computation time, particularly for large datasets?"
5,What are some benefits of parallelizing the training process of a gradient boosting model compared to traditional sequential training?
6,Can you provide an example of a Python module that I could use in my datascience project?
6,How does the encapsulation of functionalities in a Python module make it reusable across different projects?
6,"If a library is just a collection of modules, can you give me an example of a situation where using a library would be more beneficial than writing separate code for each module?"
7,What factors affect power in hypothesis testing?
7,How does sample size relate to power?
7,What is the consequence of low power on statistical studies?
8,How do Python function arguments work when the data is immutable?
8,What happens in a python function to mutable objects created inside the function
8,Would the address of an object be passed to a function if Python was call by referece?
9,What factors contribute to random error in data measurements?
9,How can we minimize random errors through experimental design and statistical analysis?
9,Can you give an example of how replication is used to reduce random errors?
10,How do histograms provide visual insights into data concentration and frequency?
10,What kind of graphical representation are we talking about when discussing a histogram?
10,Are histograms only used for depicting the distribution of numerical data?
11,Can you explain how Naive Bayes algorithm works in text classification tasks?
11,How does Naive Bayes algorithm handle feature independence assumption in NLP tasks?
11,Can you give an example of a real-world application where Naive Bayes is used for sentiment analysis?
12,How do you prevent initialization bias in a neural network?
12,What effect does weight initialization have on model convergence?
12,Can you provide an example of how random initialization helps in feature representation?
13,What statistical test should I use to compare the average height of males and females?
13,How can I ensure that my sample sizes for each gender are adequate for accurate comparison?
13,Can you suggest a dataset or tool that I can use to easily collect and calculate male-female height differences?
14,How does log transformation impact the skewness of a time series when applied to the dataset?
14,"When using z-scores for outlier detection, what is the typical threshold value used to flag outliers in a normal distribution?"
14,Can you provide an example use case where moving averages would be more effective than robust regression in time series smoothing?
15,What is an example of a situation where scatter plots might show strong correlations in the data?
15,How does RAG BOT app visualize different patterns and trends using scatter plots compared to other types of graphs?
15,Can scatter plots also be used to show non-linear relationships between variables?
16,What are some common aggregate functions that can be used after applying groupby in a dataset containing numerical and categorical data?
16,How does the groupby function handle missing or null values in the specified column and what aggregation methods should be chosen for such scenarios?
16,"Can you provide an example of utilizing the groupby function to categorize sales data by region, calculating mean sales and standard deviation within each region?"
17,What statistical tests are used in filter methods for feature selection?
17,How do wrapper methods use model performance to select variables?
17,Can you give an example of a situation where feature importance from a model can be misleading?
18,What are some advantages of using embeddings in machine learning models?
18,How do embeddings improve model performance on categorical data?
18,Can you provide an example of a use case where embeddings were successfully applied?
19,Can generative models be used in classification tasks?
19,How do generative and discriminative models differ in terms of their focus on data generation processes vs decision boundaries?
19,Are there any use cases where both generative and discriminative models are employed within a single algorithm?
20,Can you explain how neural networks are trained?
20,How does the processing of a neural network affect its performance?
20,Are there any real-world applications where basic neural networks can be effectively used?
21,Can you provide examples of scenarios where the softmax function is used in a neural network?
21,How does the softmax function handle imbalanced class labels?
22,Can you provide an example of how to calculate inter-quartile range in RAG BOT?
22,How does IQR compare to other measures of data spread like standard deviation?
22,Can we use IQR as a threshold to detect outliers in our dataset?
23,How does Mean Absolute Error (MAE) take into account the absolute differences between predicted and actual values in a dataset?
23,What is the typical use case for using Mean Absolute Error (MAE) as a performance metric in datascience?
23,Is Mean Absolute Error (MAE) more or less sensitive to large discrepancies than other evaluation metrics such as mean squared error?
24,Can you give an example of a common problem in data science where neural networks would be useful?
24,"How much data does a neural network need to train? Should I have thousands, hundreds of thousands or millions?"
24,Is there a relationship between the number of hidden layers and accuracy in a neural network?
25,What is batch size in machine learning?
25,How does a batch of data points affect model training?
25,"Is a batch of data used continuously while training a machine learning model, or is it replaced after each iteration?"
26,How does data augmentation artificially expand the size of a training dataset?
26,What are some real-world examples that demonstrate the effectiveness of data augmentation in improving machine learning model robustness and generalization?
26,Can you explain why data augmentation is particularly useful in deep learning models that use convolutional neural networks (CNNs)?
27,Can NLTK be used for tasks other than natural language processing?
27,Does NLTK have libraries and programs for symbolic and statistical analysis of written languages beyond English?
27,Is it true that NLTK is often used to prototype research systems?
28,How does Latent Semantic Indexing (LSI) improve search accuracy?
28,What is the primary benefit of applying LSI to a dataset containing text data?
28,Can you provide an example where the noise reduction aspect of LSI would be particularly useful?
29,"How does NLP deal with nuances of human language, considering its complexity and ambiguity?"
29,Can you provide examples of common NLP techniques used in sentiment analysis tasks?
29,In what ways do NLP algorithms handle the process of machine translation for different languages?
30,What would happen if we combine multiple datasets together?
30,Are there specific steps that need to be taken before feeding a dataset into a machine learning model?
30,How does the structure of a dataset affect its use in data analysis and machine learning?
31,What types of tasks facilitate unsupervised learning?
31,Can you provide examples of how unsupervised learning is used in data science?
31,How does unlabelled data contribute to the process of pattern identification?
32,Can you explain how stakeholders prioritize requirements in business and software development?
32,"What are some techniques used for requirement prioritization, given its criteria such as impact and urgency?"
32,Could you please specify which factors or metrics contribute to a requirement's priority level?
33,What are some data preprocessing techniques that can be applied before training an SVM to improve its performance?
33,"Can dimensionality reduction impact the number of support vectors in an SVM model? If so, how?"
33,In what situations would applying the Radial Basis Function (RBF) kernel to an SVM model be beneficial compared to using a linear kernel?
34,What are some real-world use cases for using data in-memory processing with Apache Spark?
34,"How does Apache Spark handle iterations of algorithms, as opposed to the MapReduce approach?"
34,Are there any limitations or challenges associated with using Apache Spark's in-memory processing strategy?
35,Can you explain why rates are commonly used in fields like datascience compared to other methods of quantifying phenomena?
35,How do rates provide insights into the frequency or intensity of events compared to statistics like mean or standard deviation?
35,"What is one key difference between rates and probabilities, especially when dealing with quantifiable measures like speed?"
36,What are some strategies to reduce overfitting in a high capacity model?
36,How can I determine whether my model has sufficient capacity for the task at hand?
36,Can you give an example of how model capacity affects a model's performance on a dataset?
37,"How do transformer models, like BERT and GPT, outperform traditional language models in capturing long-range dependencies?"
37,"In a transformer model, what role does an attention mechanism play in dynamically allocating importance to input elements?"
37,Can you compare the performance of a standard RoBERTa model with its bidirectional counterpart in tasks like named entity recognition?
38,How does collaborative filtering analyze user behavior to make recommendations?
38,Can you explain how content-based filtering evaluates item properties and what information does it use?
38,Is there a way to combine both collaborative and content-based filtering for better recommendation results?
39,Can you explain how bagging reduces variance in ensemble models?
39,What specific examples should a model focus on when using the boosting strategy?
39,How can we combine bagging and boosting algorithms for optimal results?
40,What is FSCK used for in terms of data integrity?
40,Is FSCK a software tool specific to Unix-based systems?
40,Can FSCK also fix problems with corrupted metadata in a filesystem?
41,What are the techniques used in linear regression to approximate parameter values?
41,How does minimum distance relate to model fitting and prediction accuracy?
41,Can you explain why maximum likelihood is used in logistic regression?
42,What are the potential consequences of using a star schema for data warehousing compared to other types of schemas?
42,How does the normalization process affect query speed in a snowflake schema as opposed to a star schema?
42,"Does the complexity introduced by a snowflake schema justify the potential benefits, especially in terms of maintaining data consistency across different fact tables?"
43,What are the specific assumptions made by a parametric model about the form of the underlying data distribution?
43,How do parameters in a parametric model characterise the relationship between input and output variables?
43,Is a fixed number of parameters always assumed or can it vary?
44,What are some real-world applications of game theory in artificial intelligence? How does it impact AI decision-making?
44,Can you provide examples of negotiation algorithms that use game theory in AI?
44,How is multi-agent system development influenced by game theory principles in datascience?
45,How do AI agents perceive their surroundings?
45,What type of learning algorithm is used by AI agents to improve their actions?
45,Can you provide an example of how AI agents use feedback to optimize their goals?
46,How does hypothesis testing evaluate evidence in a sample of data?
46,What are some common assumptions that statistical tests like ANOVA assess?
46,Can you give more details about the Chi-Square test?
47,What are some common strategies for handling missing values in numerical data in a dataset?
47,How should categorical variables be treated when there's no clear value to assign the missing data with?
47,Isn't completely dropping a variable that contains many missing values a drastic solution? Under what circumstances is this approach appropriate?
48,How does TensorFlow use graphs to define and visualize complex models?
48,Can you provide an example of how nodes in a graph represent operations and edges indicate data flow?
48,What are the key differences between using a graph in TensorFlow versus other machine learning frameworks?
49,How do we choose which metrics to track in an A/B test?
49,Can we run multiple versions of an A/B test at the same time if so how do we handle them?
49,Is there a maximum size for the groups involved in an A/B test?
50,How does statistical power relate to experimental design?
50,What is the practical significance of understanding statistical power in hypothesis testing?
50,Can you provide an example of a scenario where high statistical power is crucial?
51,What are the statistical techniques used to infer latent variables from observed data?
51,How do latent variables capture complex relationships and hidden structures in data?
51,"Can latent variables represent underlying constructs, traits, or factors that manifest indirectly through observable variables?"
52,How does dependency parsing differ from part-of-speech tagging?
52,Can you provide an example of how dependency parsing is used in sentiment analysis?
52,What are some challenges faced in implementing dependency parsing for a language with limited resources?
53,What are the characteristics of linear kernel in SVM classification?
53,Can polynomial kernel lead to overfitting?
53,How does the RBF kernel transform data into higher dimensions for better classification?
54,What methods can a data scientist use to identify and minimize selection bias in their studies?
54,How does selection bias specifically affect the validity of conclusions drawn from regression analysis models?
54,"Can you provide examples of scenarios where selection bias would have significant impact on data analysis, particularly if using machine learning algorithms?"
55,How does candidate sampling address class imbalance in machine learning models?
55,What benefits can we expect from using candidate sampling during model training? I am looking for insights into its impact on accuracy and efficiency.
55,"Are there any scenarios where candidate sampling is not recommended, and why?"
56,Why is list comprehension more efficient than a loop-based approach in Python?
56,What are the benefits of using dictionary comprehension versus creating dictionaries manually?
56,How can I apply generalizing syntax in dict/list comprehensions when dealing with complex operations?
57,Can you explain in detail how Linear Regression is used for regression tasks?
57,How does Decision Trees algorithm handle both classification and regression tasks?
57,What are the key characteristics of clustering algorithms like K-means?
58,What are some real-world applications where understanding variance in data is crucial?
58,Can you explain why analyzing variance helps in statistical decision-making processes?
58,How does calculating the standard deviation relate to quantifying the spread of data?
59,What is the Python function for adding a single element at the end of a list?
59,Can you give an example of when to use extend() method over append() while working with data in datascience
59,How does extend() change the original state of a list in RAG BOT application
60,How does inductive reasoning relate to Statistical AI compared to Classical AI?
60,Can you give an example of a predefined rule used by Classical AI that wouldn't apply with Statistical AI?
60,In what scenarios would one prefer using Classical AI over Statistical AI?
61,What benefits do decorrelating trees in a Random Forest model have for its generalization performance?
61,Why does introducing diversity into an ensemble of decision trees improve the overall model's predictive power?
61,How can overfitting be reduced by randomizing tree growth in a Random Forest model?
62,What are some real-world applications of Decision Trees in data science?
62,How does the stopping criterion affect the growth of the decision tree?
62,Can you provide a specific example of fitting data to a node in the decision tree?
63,"What benefits can performing PCA on a dataset have before fitting an SVM, especially when dealing with high-dimensional data?"
63,Are there specific dimensionality reduction techniques that would be more suitable than others for reducing the number of features in a dataset for SVM analysis?
63,How do I determine if my dataset would benefit from dimensional reduction using SVD or PCA before training a support vector machine model?
64,What aspects of my data should I consider before deciding on a chart type and creating a dashboard?
64,How can I determine which variables from my dataset are best suited for the relationships I want to illustrate in the chart?
64,"What level of interactivity do users need, and how will this influence the design of my chart and dashboard?"
65,Can we directly manipulate variables in observational studies like in experimental studies?
65,How is causality determined in experiments rather than observational studies?
65,What kind of correlations can be observed with no interventions in the data?
66,How does conditional formatting utilize color in data visualization?
66,Can you provide examples of when to use conditional formatting in a dashboard?
66,What are some common pitfalls to watch out for when implementing conditional formatting?
67,How does the Cox model handle censored data in survival analysis?
67,What are some common applications of the Cox proportional hazards model?
67,Can you explain the concept of hazard ratio in the context of the Cox model?
68,Can you explain why sample variability is accounted for in a confidence interval?
68,Is there a specific formula used to calculate the range of values in a confidence interval?
68,What are some common scenarios where confidence intervals are typically applied in data science?
69,"Can you explain how machine learning and deep learning differ in their approach to data analysis, specifically regarding feature extraction?"
69,"What types of tasks are machine learning and deep learning models best suited for, respectively?"
69,In what scenarios is deep learning more effective than traditional machine learning due to its ability to autonomously learn hierarchical representations?
70,What are Python's robust data libraries used by data engineers?
70,How does Pandas enable efficient data analysis and manipulation for data scientists?
70,Can you give an example of how data flows through the machine learning pipeline using Python resources?
71,Can you provide an example of when ensemble methods would outperform a single machine learning model?
71,How does bagging and boosting differ in their approach to combining individual model predictions?
71,"Does the number of models used in an ensemble affect its overall performance, or are there other factors at play?"
72,What are the key functions performed by a single neuron in a perceptron architecture?
72,Can a perceptron handle problems that can't be represented as linearly separable?
72,How does a perceptron contribute to the development of more complex neural networks?
73,"You mentioned that Augmented Intelligence assists humans in making decisions and completing tasks, can you give an example of how this technology could be applied in data science?"
73,How does Augmented Intelligence differ from other artificial intelligence technologies such as machine learning or deep learning?
73,"In the context of data science, what types of tasks would require human intelligence to be augmented by AI?"
74,What are some common applications of Generative Adversarial Networks in Data Science?
74,How do we train a Generative Adversarial Network to produce high-quality synthetic images?
74,Can Generative Adversarial Networks be used for data augmentation to increase the size and diversity of small datasets in a supervised learning setting?
75,What is the primary programming language associated with the NLTK library?
75,Is OpenNLP's text processing capabilities limited by its being Java-based?
75,How do the differences in programming languages between NLTK and OpenNLP affect their applications?
76,"What is a minimax algorithm, and what are its key applications in games?"
76,How does the minimax algorithm handle uncertainty about an opponent's moves?
76,"Can the minimax algorithm be adapted for use in non-gameboard contexts, such as finance or strategic planning?"
77,How do researchers collect data for retrospective studies?
77,What are some limitations of using existing data in a retrospective study?
77,Are there any biases that can occur when conducting a retrospective study?
78,What are the key differences between a data mining and data warehousing process in an organization?
78,How does the data mining process use patterns and relationships to improve decision-making?
78,Can you give examples of how companies use both data mining and data warehousing for strategic planning?
79,What is the primary difference in implementation between online learning and batch learning methods?
79,Which situation is more suitable for using batch learning in data science pipelines?
79,Can you provide an example scenario where using online learning would be more beneficial over batch learning?
80,What specific functions from NumPy and Pandas are used for data manipulation?
80,How do the machine learning capabilities of Scikit-Learn compare to those in Keras?
80,Can you provide examples of real-world applications where deep learning with TensorFlow was used?
81,What is the primary function of residuals in regression analysis?
81,How can residual analysis help assess the goodness-of-fit for a statistical model?
81,Is it ideal for residuals in a well-fitting statistical model to cluster around zero?
82,What statistical metrics are commonly used in datascience to assess inter-rater agreement?
82,"Are there scenarios where low inter-rater agreement is acceptable or even expected, and why might this occur?"
82,How would you identify areas for improvement when comparing inter-rater agreement across different raters or tasks?
83,How does the input layer in neural networks process raw data?
83,Can you explain how the input features are represented in the nodes of the input layer?
83,What is the primary function of the input layer in the overall flow of information through a neural network?
84,"In a stratified sampling scenario, what are some specific characteristics that can be used to create distinct and homogeneous subgroups (strata) in the population?"
84,"Can you provide an example of how strata might be created in a real-world datascience study, such as a survey or census?"
84,"How does stratified sampling compare to other types of sampling techniques, like simple random sampling, when it comes to minimizing sampling bias and enhancing reliability?"
85,Can you provide some detailed examples where mean imputation fails due to ignoring feature relationships?
85,"How does mean imputation artificially inflate or deflate feature values, and what are the implications for data analysis?"
85,Are there specific situations in which mean imputation might be better than other data imputation methods?
86,How do autoregressive models differ from moving average models in time series forecasting?
86,What are some examples of advanced methods used for time series prediction beyond simple ARIMA models?
86,Can machine learning model be trained to handle different characteristics of time series data?
87,What are some common applications of Root Mean Squared Error (RMSE) in a regression analysis?
87,How does RMSE account for the dispersion or variability of data points around the regression line?
87,Can you provide an example scenario where RMSE would be used to compare and select two different predictive models?
88,How does OLAP system benefit business intelligence applications?
88,What kind of analysis can we perform using an OLAP system?
88,Can you provide examples of decision support systems that utilize OLAP?
89,What cross-validation methods can I use to assess model performance and prevent overfitting?
89,How does regularization impact model complexity in preventing overfitting?
89,Can feature selection be used alone to control model complexity and mitigate overfitting?
90,Can you provide examples of tasks that utilize supervised learning?
90,How is clustering different from dimensionality reduction in unsupervised learning?
90,Is there a scenario where both supervised and unsupervised learning would be used?
92,What are some real-world applications of machine learning in data science?
92,How does supervised learning differ from unsupervised learning in machine learning?
92,Can you provide examples of popular algorithms used in machine learning?
93,What is the main purpose of gradient in optimization algorithms?
93,How does the concept of gradient relate to machine learning models?
93,Can you provide an example of a situation where understanding the meaning of gradient would help with model selection?
94,How does limited memory impact tasks with temporal context?
94,Can you provide examples of applications that require real-time processing within limited memory systems?
94,In what ways can the retention timeframe be optimized for maximum efficiency in limited memory systems?
95,What are some potential implications of creating a superintelligence that exceeds human cognitive abilities?
95,How might a superintelligent entity solve complex problems in science and technology?
95,Could the creation of a superintelligent AI potentially alter societal structures in a significant way?
96,What are project deliverables in the context of data science projects?
96,How are project deliverables measured and evaluated in a data science project?
96,Can you give an example of a tangible project deliverable in a real-world data science project?
97,What different techniques are used in fuzzy string matching besides flexible string matching?
97,How can we balance specificity and generality of a pattern in flexible string matching for data cleaning?
97,Can you provide some real-world applications where the output of flexible string matching would be more useful than an exact match?
98,What are some real-world applications of gradient descent?
98,How does gradient descent handle non-linear relationships between features and target variable?
98,Can you explain the concept of a learning rate in the context of gradient descent?
99,"What is the statistical implication of rejecting the null hypothesis when, in fact, it should be accepted due to a Type I error?"
99,How does a Type I error influence the interpretation of results in statistical analyses?
99,Can you provide concrete examples that demonstrate how a researcher might fall victim to a Type I error?
100,Can you tell me how a Boltzmann machine determines its outcomes?
100,Does an RBM always reduce the complexity of the Boltzmann machine compared to the original one?
100,How does an RBM handle interactions between different units in a network?
101,How can confounding variables affect the accuracy of our model predictions?
101,What are some common examples of confounding variables in real-world datascience applications?
101,Can controlling for confounding factors during analysis ensure that our results remain valid even with missing data?
102,How is Mean Squared Error (MSE) related to the differences between predicted and observed values in a dataset?
102,Why does MSE penalize larger errors more heavily than smaller ones?
102,What makes MSE useful for assessing prediction accuracy in machine learning?
103,Can you explain why PAC learning is important in terms of providing guarantees on machine learning algorithms?
103,What are the key differences between Probably Approximately Correct and Empirical Risk Minimization frameworks?
103,How does PAC learning account for the limited samples when evaluating the efficiency of machine learning algorithms?
104,Can you provide an example of a dataset that has a large standard deviation?
104,How does standard deviation differ from variance in terms of units and interpretation?
104,Are there specific real-world applications where high standard deviation is beneficial rather than detrimental?
105,What is the primary difference between a recurrent neural network (RNN) and a feedforward neural network? Can an RNN be used for time series forecasting?
105,How does an RNN's ability to model temporal relationships apply to speech recognition tasks?
105,Can you provide an example of how contextual information affects an RNN's predictions in natural language processing?
106,How does building numerous decision trees during training help in reducing overfitting?
106,What is the main difference between random forests and a single decision tree in terms of model generalizability?
106,Can you give an example of how averaging the results from multiple decision trees improves model predictions?
107,What are the common values for p-value?
107,Is it true that a low p-value indicates significant findings in data analysis?
107,How can we interpret the results when the p-value is greater than the level of significance?
108,What is an example of how pragmatic analysis can improve NLP models in handling context-dependent texts?
108,How does pragmatic analysis help in resolving the issue of ambiguity in text interpretation for AI models like our datascience RAG BOT application?
108,In what ways can incorporating pragmatic analysis into our RAG Bot enhance its ability to provide more accurate and relevant answers to user queries?
109,Can you provide an example of using regular expressions for text processing compared to regular grammars for linguistic analysis?
109,"How are regular expressions used in data manipulation and pattern matching tasks, while regular grammars focus on formal language structures?"
109,Does the application support visualizing and debugging regular expression patterns as it does with regular grammar rules?
110,What are the specific business goals that need to be addressed at the beginning of a machine learning project? Can you explain how exploratory analysis is different from data preparation in this context?
110,How do we select and transform relevant features for our model without overfitting or underfitting it?
110,Can you provide guidance on creating an optimal split between training and testing datasets to ensure accurate evaluations during tuning of hyperparameters?
111,Can you explain how robotics applies to healthcare assistance through robots?
111,How do robots contribute to the automation of repetitive industrial tasks and enhance productivity?
111,In what ways can datascience be used in conjunction with robots for more accurate predictions and decision-making?
112,How can selection bias affect the outcome of a survey in datascience?
112,What are some consequences of undercoverage bias on analysis conclusions?
112,Can you provide examples of scenarios where survivorship bias would be problematic?
113,How does the ROC curve evaluate performance of classifiers in real-world datasets?
113,Can you explain when and why ROC curves are more appropriate than accuracy scores for comparing models?
113,What specific scenarios should one consider when choosing between ROC curves and AUC scores?
114,Can you provide an example of a correct hypothesis being wrongly rejected?
114,"How often do type II errors occur in statistical analysis, and what are the consequences?"
114,What are some methods to minimize the occurrence of type I and type II errors?
115,"Can you explain how predictive models are trained using algorithms like regression, decision trees, or neural networks?"
115,How do businesses use the predictions from these models to inform their decisions and optimize strategies?
115,What kind of historical data is typically used to build predictive models in a real-world business scenario?
116,Which specific Python libraries are commonly used for data manipulation in machine learning?
116,Can you provide more details on the use of SciPy library in scientific computing for a datascience project?
116,"Would TensorFlow be useful for a model predicting continuous values, such as heights or weights?"
117,What algorithms are used for constructing models in datascience?
117,How do models enable predictions and facilitate decision-making?
117,In what domains are models used for quantifying relationships and predicting outcomes?
119,What are content-based filtering and demographic filtering strategies?
119,How do these approaches enable recommendation systems to provide personalized recommendations for new users or items with sparse data?
119,Can you elaborate on how demographic filtering leverages user profiles or demographic information to recommend items tailored to user preferences?
120,How does a classification model handle data points that belong to multiple categories at once?
120,What are some common techniques used in feature engineering for binary classification problems?
120,Can you provide an example of how to evaluate the performance of a classification model using metrics such as accuracy and precision?
121,What evaluation metrics can be used in place of accuracy when dealing with unbalanced binary classification?
121,How does oversampling minority samples in the dataset affect model performance compared to undersampling majority ones?
121,Would recalibrating the cost function to penalize misclassifying rare class instances impact overall prediction reliability?
122,Can you explain how RAG BOT application uses a chatbot's conversation simulation concept?
122,What datascience techniques are used by RAG BOT in its interaction with users?
122,In what way does RAG BOT leverage the customer service capabilities of a chatbot for data analysis?
123,How can predictors and explanatory variables be used in conjunction with each other to improve model accuracy?
123,In what situations would you use a risk factor instead of an independent variable to describe the relationship between two variables?
123,"Can covariates or covariables ever be considered as outcomes in a data analysis, rather than predictors?"
124,How does partial order planning help in building flexible plans in artificial intelligence?
124,Can you give an example of a situation where partial order planning is helpful?
124,What are some use cases for using partial order planning in data science projects?
125,What are some common issues that can occur when using Grid Search for hyperparameter optimization?
125,How does Random Search compare in terms of efficiency and effectiveness compared to Grid Search?
125,"Can Bayesian Optimization be used with different machine learning models, not just neural networks?"
126,What are some common ETL tools used when integrating data from SQL Server
126,Which ETL tool is particularly well-suited for handling large volumes of data in a data warehouse
126,Can you tell me more about using ETL tools for business analytics
127,What different approaches do ensemble methods in datascience use when combining models?
127,Do parallel methods like Bagging and sequential methods like Boosting have the same objective while improving predictions?
127,"In datascience, how does Bagging differ from Boosting when building models?"
128,What conditions in a dataset would make KNN algorithm effective?
128,How does the assumption of similar data points belonging to the same class affect KNN's performance?
128,"Can we use KNN for multi-class classification problems, if so how?"
129,How does the concept of convex hull relate to data preprocessing in support vector machines (SVM)
129,"What features of a dataset contribute to its overall convex hull, from a machine learning perspective"
129,Can you give an example where finding the 2D convex hull of a set of points would be beneficial in a real-world application
130,Can you elaborate on what kinds of classification tasks is logistic regression suitable for?
130,How does the model's decision boundary relate to the feature space in logistic regression?
130,Is it possible to apply logistic regression to multi-class problems when we have more than two classes?
131,What are some popular variants of Recurrent Neural Networks (RNNs) that address the vanishing gradient problem?
131,Can you provide examples of architectural designs for end-to-end networks and their applications in sequential data processing?
131,"How do Long Short-term Memory (LSTM) and Gated Recurrent Unit (GRU) differ from one another, and what advantages they offer over traditional RNNs?"
132,What is the primary difference between weak AI and AGI?
132,"Can you provide examples of applications that utilize weak AI, as mentioned in your previous response?"
132,How does the scope of a specific task impact the limitations of weak AI?
133,How does TF-IDF vectorization help in capturing key terms within a large document?
133,Can you provide an example of how TF-IDF vectorization is used in sentiment analysis on movie reviews?
133,What benefits can I expect to achieve by applying TF-IDF vectorization to large datasets for information retrieval?
136,What effect does rotating an input image have on a trained CNN model's predictions?
136,"Does rotation invariance apply only when a CNN is first run with unrotated images, or can these models be recalibrated later to also account for rotated images?"
136,How accurately do fully-supervised models like CNNs learn the spatial relationships within images as opposed to invariant features?
137,What are some applications of N-grams analysis in estimating language entropy?
137,Can we use other methods besides N-grams for evaluating the entropy of a language like English?
137,How does analyzing letter probable distributions and sequences with N-grams impact our understanding of information content?
138,What is parsing used for in datascience?
138,How does parsing help in natural language processing tasks?
138,Can you give an example of a sentence that requires parsing?
139,"Can econometrics be used to analyze non-economic data, such as social sciences?"
139,How do statistical techniques used in econometrics differ from those used in machine learning?
139,Can econometrics help identify underlying patterns in economic data that are not immediately apparent?
140,"Heatmap implementation details such as kernel size, colorscale and colorbar would be greatly appreciated in our project for clustering and dimensionality reduction analysis."
140,The mathematical foundation of PCA can be simplified as eigenvalue decomposition which transforms the original high-dimensional data into a new lower dimensional representation through orthogonal rotations. Elaborate on this concept.
140,"How does using % instead of // and / affect the numerical stability and model prediction accuracy when we are dealing with large datasets in scikit-learn for feature scaling,?"
141,What programming languages does Jupyter Notebook support?
141,How is inline plotting supported in Jupyter Notebook?
141,Does Jupyter Notebook facilitate collaborative research?
142,Can you explain what kind of information that Bag of Words model captures from text data?
142,How does the treatment of text as a collection of independent items facilitate effective text categorization?
142,What other application has been mentioned for text based on word frequencies in addition to text classification?
143,How can a model trained on ImageNet data be used for object detection? 
143,Will using pre-trained weights always improve performance in computer vision tasks?
143,Is there an optimal transfer learning strategy for image classification versus semantic segmentation?
144,What are the most common applications of principal component analysis?
144,Can you explain how PCA handles high-dimensional data in finance and image processing?
144,How does PCA identify patterns and relationships in complex datasets?
145,How does DeepFace work in conjunction with large training datasets for face verification?
145,"What types of neural networks is Facebook utilizing for their facial recognition feature, namely DeepFace?"
145,Are deep learning patterns similar to those used by DeepFace being applied in other areas of face-related analytics outside of the social media platform?
146,How does OLTP support quick access to essential business information?
146,What type of database structures are used in OLTP systems?
146,Can you give an example of a complex business event that would require OLAP analysis?
146,Do both OLTP and OLAP utilize denormalized databases?
146,Is it possible to run OLAP queries on normalized databases?
147,What are some examples of response variables in a generalized linear model where the error distribution is not normal?
147,Can you explain how GLMs handle binary data compared to traditional linear regression?
147,How do generalized linear models accommodate count data when traditional linear regression would assume normally distributed errors?
148,How can data profiling be used to provide insights into specific data characteristics?
148,What are some real-world applications where data mining has been used for predictive modeling and decision-making?
148,"Is there a scenario where solely using data profiling would suffice, and no further data analysis is required?"
149,Can you explain how the OpenNLP toolkit handles named entity recognition?
149,Is tokenization a typical application of natural language processing in data science?
149,How can we combine NLP tasks like parsing and entity recognition using OpenNLP?
150,What statistical methods are used in datascience to determine a detectable difference?
150,How is power considered when calculating a detectable difference in sample sizes for our datascience experiment?
150,"Can you provide examples of scenarios where detecting small differences might be useful in data science, such as comparing outcomes between medication and placebo?"
151,How can you use Resampling methods and Regularization techniques in RAG BOT application to combat overfitting?
151,What is the purpose of separating my training data into a validation set when building models for datascience questions?
151,"I am trying to prevent my model from becoming overly complex, how can I apply and utilize Regularization within datascience with RAG BOT?"
153,What are some popular libraries used in developing AI models? Can you give an example of a machine learning library from the ones mentioned?
153,Can an AI tool like Scikit Learn be used for deep learning tasks as well?
153,How does TensorFlow compare to Keras in terms of functionality and use cases in AI model development?
157,What types of algorithms are best suited for higher-dimensional data? Will their performance improve significantly after applying kernel trick in datascience?
157,"Can we use existing libraries or frameworks for implementing kernel trick without extensive coding, ideally with Raggbot help?"
157,"Is there any way to measure the efficiency boost and verify computational savings when utilizing kernel trick in our project, preferably through numerical metrics on a given dataset?"
158,What are the key differences between a data mart and a data warehouse in the context of ETL?
158,Can you provide specific examples of how data transformation occurs during the ETL process?
158,In what situations would a data scientist choose to perform a manual versus automated ETL process?
159,"What are some common scenarios in a real-world data science setting where cross-validation would provide more accurate model evaluation? Would you say that having high accuracy on a single training set makes our generalization reliable, or does cross-validation give us the insight we need to make better conclusions about a model's robustness?"
159,How can cross-validation be used with hyperparameters tuning and in which situations might it be necessary to tune other parameters besides just the cross-validation folds?
159,"Can you tell me some differences between various cross-validation strategies (K-fold, Monte Carlo, Leave-One-Out), what trade-offs we have to consider when choosing a certain approach, and whether there are any data-dependent properties of our data set that would make using one strategy better than another?"
163,What are some popular clustering algorithms used in Hadoop?
163,How does COSHH compare to traditional task scheduling approaches? 
163,@Has COSHH been applied in real-world scenarios such as financial or scientific data processing?
164,What statistical methods can be used to identify outliers in a dataset?
164,How does handling outliers impact data analysis and modeling outcomes?
164,"Can outliers be removed from a dataset, and what are the implications of doing so?"
167,What type of algorithms in datascience use user behavior like transaction history and ratings?
167,How does collaborative filtering algorithm account for cold start problem in Amazon item recommendations?
167,"Can you explain with an example, how different product features are avoided when using collaborative filtering algorithm?"
168,What are some starting points for setting a default number of trees in a random forest model?
168,How can one determine that the performance of the model is stabilizing?
168,What are the implications of having too many trees in a random forest on computational resources?
177,How does a perceptron make predictions based on a linear function?
177,What happens when a perceptron encounters non-linear data in binary classification tasks?
177,Can a single perceptron model handle multiclass classification problems?
183,Which tools are commonly used for language processing tasks in NLP?
183,How does NLTK compare to spaCy for text analysis?
183,Can I use both PyTorch-NLP and spacy together for deep learning tasks?
189,Can you elaborate on how dropout prevents overfitting in neural networks?
189,Are there other types of regularizers used in addition to dropout?
189,How does dropout affect the training time of a neural network model?
194,"When is a Namenode restarted in HDFS, what happens to ongoing file writes?"
194,How does Namenode's metadata affect the performance of an HDFS cluster?
194,Can HDFS be deployed on a single machine with Namenode running on it?
196,How does introducing nonlinearity through activation functions affect neural network outputs?
196,In what ways do activation functions enhance the capacity and expressiveness of a model?
196,Can you provide an example where using no activation function leads to suboptimal results?
197,How does a bidirectional search algorithm decide when to start the forward and backward searches from the starting point and the goal respectively?
197,Can you compare the efficiency of bidirectional search with unidirectional search in terms of path length?
197,What happens if the two parallel searches do not meet in the middle - will the algorithm still terminate normally?
199,How is word2vec trained?
199,Can you provide an example use case of word2vec for text classification tasks?
199,What are the advantages and disadvantages of using word2vec in a natural language processing task?
201,Can you explain how NumPy arrays differ from traditional Python lists in terms of data types and operations?
201,"Are there specific use cases where SciPy would be a better choice than NumPy for numerical computations, or vice versa?"
201,How do the computational performance and efficiency of numpy.ndarray and scipy.signal compare when performing complex analyses?
202,How can we apply the time-dependent memory mechanism of LSTM in a regression problem where the input sequence length varies?
202,What are some scenarios where simplicity and speed of GRU might be preferable over LSTM for sequential data modeling?
202,Can you provide an example of how to compare the effectiveness of both LSTM and GRU in a multi-step forecasting task using the same RAG BOT application?
203,What are some typical scenarios where you would use a while loop for iterating over data?
203,"Can you give an example of when using a for loop might result in inefficient code, and what alternative approaches could be used instead?"
203,How does the choice between a for loop and a while loop impact performance in large datasets?
204,"How is PageRank calculated, and what parameters does it take into account?"
204,Can you provide a step-by-step example of how the PageRank algorithm works on a small graph?
204,Are there any variations or improvements to the original PageRank algorithm that are commonly used in practice?
205,What features do we need in our application to enable active data warehousing?
205,How can we ensure that real-time transaction data is accurately integrated with historical data in our datascience RAG BOT application?
205,What kind of analyses or visualizations would be most informative for a user like me to make immediate and informed decisions based on current data?
206,What types of data structures in Python can change after they've been created?
206,How does the concept of mutability apply to integers and floats Pythonically?
206,"Within the context of datascience, what kind of problems could arise from using immutable objects instead of mutable ones?"
207,"For a data science analysis involving dynamic population figures, would using a list or tuple as primary storage facilitate smoother updates?"
207,What characteristics of lists versus tuples would most clearly distinguish their suitability for processing large economic survey response datasets?
207,"If performing real-time tracking in data streaming application, what properties between lists and tuples make one less prone to corruption than the other?"
209,How do hidden Markov models handle sequences where the state is unknown?
209,Can you give an example of a situation where using a hidden Markov model would be more suitable than a traditional Markov chain?
209,"In the context of speech recognition, how does a hidden Markov model use probabilities to determine the output sequence?"
210,How does setting a learning rate value near zero affect the optimization process of a model?
210,What adjustments should be made when transitioning from a low learning rate to a higher one during training?
210,Are there specific scenarios in which starting with a very high learning rate might not lead to performance issues?
211,Can you provide an example of how sentiment analysis is used in customer feedback?
211,What are some common techniques used for identifying language patterns in sentiment analysis?
211,How can sentiment trends inform strategic decisions in business and organizations?
212,What are some real-world scenarios where Wilcoxon-Mann-Whitney tests would be more suitable than traditional t-tests?
212,How do nonparametric tests like Spearman correlation test differ from parametric methods in data analysis?
212,Can you provide an example dataset that demonstrates the advantage of using nonparametric tests over parametric ones?
213,What happens when we don't update the weights of neurons during training? 
213,"How does initializing all weights to a random number, but same value, affect feature differentiation?"
213,Will the performance of the neural network improve or degrade if we set a fixed percentage of its layers to have zero weights?
214,What types of machine learning models are typically used in ensemble learning?
214,How does combining multiple models help reduce overfitting?
214,Can you provide some common techniques for creating ensembles from individual decision trees?
215,What's Principal Component Analysis and how does it perform feature selection?
215,How does Neighborhood Component Analysis differ from PCA in terms of feature selection?
215,Can ReliefF Algorithm be used for high-dimensional data sets with thousands of features?
216,What is the purpose of using partial derivatives in normal equations for regression parameters?
216,Can normal equations estimate multiple regression parameters at once?
216,"What happens if there are missing values in a dataset when trying to solve normal equations, will they affect the estimated regression parameters?"
217,What specific hyperparameters should I consider tuning when using ANN?
217,How do the number of layers and epochs influence the learning process in an Artificial Neural Network?
217,Can you provide more detail about common activation functions used with ANN?
218,"In a classification problem where features are highly correlated, would L1 regularization likely lead to feature selection or promote computational efficiency?"
218,Can you elaborate on why L2 regularization is more effective at handling multicollinearity in the context of regression models?
218,Suppose we have a dataset with many zero coefficients from L1 regularization; what strategies could be employed to reduce overfitting?
219,"What are autoencoders, in general?"
219,How do autoencoders deal with dimensionality reduction in datascience?
219,Can autoencoders help perform tasks where no labeled data is available?
220,What specific tasks in data science projects can be automated using RPA technology?
220,How does using software robots for repetitive tasks improve the scalability of data science workflows?
220,"Can you provide examples from datascience of how reduced human errors are reported after implementing an automation system, RPA?"
221,Can Market basket analysis predict customer purchases based on items already sold to them?
221,How can we use transactional data and AI algorithms to identify patterns of product bundling in retail business?
221,What are some real-life examples of successful implementations of market basket analysis for improving customer experiences in the industry?
222,What is ACF and how does it differ from PACF in time series analysis?
222,How does PACF remove intervening correlations for direct correlations?
222,Can you provide an example of a situation where you would use ACF instead of PACF?
223,Can you explain how information gain is calculated in decision tree models?
223,How does gradient boosting contribute to feature importance rankings in a decision tree model?
223,What are some key differences between using Gini impurity reduction and other methods for assessing feature importance in a decision tree model?
224,Can you provide an example of a scenario where batch gradient descent would be more suitable than stochastic gradient descent?
224,How does the trade-off between convergence speed and noise levels in optimization processes affect the choice between batch gradient descent and stochastic gradient descent?
224,What are some real-world machine learning tasks where stochastic gradient descent is typically preferred over batch gradient descent?
225,What are the essential factors to consider when deciding whether more data is beneficial in machine learning?
225,How does the relationship between model bias and structural limitations affect the impact of adding more data?
225,Can you provide a summary of the trade-off between increasing data volume and additional computational costs?
226,What are the key differences between SIPOC and UML in business process modeling?
226,How can Gantt charts be used in conjunction with SIPOC for more effective process management?
226,"Can you provide examples of companies that have successfully implemented SIPOC, UML, or other business process modeling tools?"
227,How does removing one of the correlated variables help resolve multicollinearity issues in a regression model?
227,What are some regularization techniques that can be applied to mitigate multicollinearity in regression models?
227,"In the context of addressing multicollinearity in regression models, what exactly is meant by 'dimensionality reduction' and how does it improve model stability?"
228,What impact does increasing k have on the KNN algorithm's performance?
228,How well-suited is K-Nearest Neighbor for use cases where there may be subtle patterns?
228,What happens when you choose a value of k that causes overfitting in the context of KNN?
229,What are some common real-world scenarios where PCA can be applied for noise reduction?
229,"Can PCA be used in conjunction with other dimensionality reduction techniques, such as t-SNE?"
229,How does PCA preserve variance when projecting high-dimensional data onto a lower-dimensional subspace?
230,What are the essential steps involved in building a data pipeline?
230,How can Apache Airflow streamline pipeline orchestration?
230,Can you provide examples of cloud platforms ideal for hosting and scaling pipelines?
231,Can you provide examples for forward and backward propagation in a simple neural network?
231,What are some common techniques used for updating network weights in the backward propagation process?
231,How can we apply the concept of forward and backward propagation to training deep neural networks with multiple layers?
232,What advantages does keyword normalization offer in text analysis?
232,How does keyword normalization handle words with different grammatical tenses?
232,Is keyword normalization useful for identifying synonyms?
233,How does a structured dataset typically get organized and stored?
233,Can you give me an example of an unstructured dataset in text format?
233,What are the common characteristics of datasets that make them easily searchable?
234,What enables drawing conclusions about population parameters from sample statistics in data science?
234,Why is it essential to have an assertion that the distribution of sample means tends toward normality regardless of population distribution?
234,"How does the Central Limit Theorem form the foundation for statistical inference, hypothesis testing, and confidence interval estimation?"
235,How does a confusion matrix compare actual outcomes with predicted ones in a classification model?
235,What are true positives and false negatives in the context of a confusion matrix?
235,"In a confusion matrix, how do I calculate accuracy beyond just comparing true positives with overall predictions?"
236,What are some scenarios where masked language models would provide more accurate predictions than traditional language models?
236,How do masked language models handle out-of-vocabulary words in a dataset?
236,Can you give an example of how a user might fine-tune a pre-trained masked language model on their own specific task?
237,How does Natural Language Processing (NLP) translate languages?
237,What features of speech can NLP recognize and interpret?
237,Can you provide examples of text classifications that NLP applies?
238,Can you give some examples of systems in datascience that use fuzzy logic?
238,How does fuzzy logic differ from traditional machine learning algorithms for decision making?
238,Is fuzzy logic useful for handling imprecise or uncertain data in a dataset?
239,What exactly is meant by weak learners in the context of gradient boosting?
239,Can you explain how gradient-based optimization approach improves model performance?
239,What makes iterative process efficient in gradient boosting?
240,What are some key features of NLTK when used for text processing?
240,How does spaCy compare to other open-source NLP libraries like NLTK in terms of efficiency?
240,Can you provide any examples or case studies where NLTK and spaCy have been successfully applied in industry settings?
241,What are the specific steps involved in signal processing in NLU?
241,Can you elaborate on the differences between syntactic and semantic analysis in NLU?
241,How does pragmatic understanding contribute to the overall process of natural language understanding?
242,How do true negatives relate to a test's specificity in datascience?
242,"Can true negatives help us understand how to minimize false alarms and unnecessary interventions in clinical trials, using RAG BOT application?"
242,What is the significance of true negative instances for assessing a diagnostic test's ability to rule out a condition?
243,Can CNNs be used in image classification tasks beyond object recognition?
243,How do convolutional layers in a CNN help analyze and extract features from images?
243,Are there any real-world applications of CNNs in fields like medicine or finance?
244,What types of data characteristics warrant the use of channel shifting for image augmentation?
244,How can we determine which augmentation techniques are most suitable for a specific machine learning model?
244,In what scenarios does applying multiple augmentation techniques result in improved model generalization versus single-technique approaches?
245,What does JavaScript enable developers to embed into web pages?
245,How has JavaScript's role in web development evolved over time?
245,Why is JavaScript a fundamental technology in modern web development?
246,What are the primary benefits of using multiple small decision trees instead of a single large one?
246,How does employing multiple small decision trees reduce overfitting and variance in a model?
246,Can you provide an example use case where random forest models would be preferable over individual decision trees?
247,What are the main advantages of using Adam optimizer in deep learning models?
247,How does Adam optimizer compare to other popular optimizers like SGD and RMSProp?
247,Can you provide examples of high-level implementations for Adam optimizer?
249,What are the main tasks that SQL enables users to perform in relational databases?
249,"How does SQL's versatility and compatibility affect data management, analysis, and application development across different industries and domains?"
249,Is SQL a programming language or a database-specific tool?
250,What is another term for shallow parsing in NLP?
250,How does shallow parsing compare to deep parsing in terms of sentence structure analysis?
250,Can you give an example of how shallow parsing would identify grammatical groups in a sentence?
251,What specific tasks does a data engineer perform when preparing and structuring data for analytical uses?
251,How does a data engineer ensure the data is processed correctly to enable proper business decision-making?
251,Can you give an example of data collection task that a data engineer might be responsible for in a real-world scenario?
252,Can you provide examples of a null hypothesis in real-world data analysis?
252,How does the concept of null hypothesis relate to formulating research questions and drawing conclusions in scientific endeavors?
252,What are some common misconceptions or pitfalls when interpreting null hypotheses in statistical results?
253,What are some common imputation techniques used for mean/mode imputation in datascience? 
253,How effective is predictive imputation using regression models compared to other imputation methods?
253,In what situations would you recommend deleting rows or columns containing missing values instead of imputing them?
254,What statistical measures should I use to detect deviation from normality in a variable's distribution?
254,How do Quantile-Quantile plots help identify deviations from the normal distribution visually?
254,Can you provide an example of how to properly interpret the histogram to check for normality in a variable?
255,How can PCA be specifically used for dimensionality reduction?
255,What are some situations where feature extraction via Isomap is more suitable than other methods?
255,Can you provide an example use case of Autoencoding in a real-world dataset?
256,How is symmetry determined in a dataset for normal distribution?
256,What are the implications of data being symmetrically distributed around the mean?
256,Is there an equivalent concept to normal distribution when median and mode do not match?
257,How does a prior distribution affect the posterior distribution in Bayesian inference?
257,What is the significance of choosing an appropriate prior distribution for accurate inference?
257,Does prior knowledge impact the credibility and robustness of Bayesian analyses?
258,How does the k-nearest neighbors algorithm calculate similarity between instances in a high-dimensional dataset?
258,Can you provide an example of using the k-nearest neighbors algorithm for multi-class classification problems?
258,"What are some common hyperparameters that need to be tuned when implementing the k-nearest neighbors algorithm, and why?"
259,"Considering the linear model's assumption of error linearity, how can we determine whether our count outcomes are normally distributed?"
259,What additional measures are needed in order for a linear regression model not to overfit binary outcome data?
259,Can a linear model be used as a baseline model for comparison with non-linear models when dealing with count outcomes?
260,What is the difference between '==' and '>' operators when working with data science applications?
260,"I'm trying to compare two numerical values, should I use 'is' or '==' in this case? Why?"
260,When should we use '==' compared to using '!=' for comparing values?
261,How do I monitor performance metrics of a deployed model?
261,What are some common reasons for rebuilding a deployed model?
261,Can you explain the process of evaluating and comparing alternative models for a deployed model?
262,How does Spark's ability to process large datasets quickly affect the time needed for data preprocessing and feature engineering in machine learning projects?
262,Can you provide examples of specific ML algorithms supported by Apache Spark that are used in real-world applications?
262,In what ways can Spark's distributed computing capabilities be leveraged to improve model training times or enable parallel processing?
263,What is the purpose of an objective function in machine learning?
263,How does an objective function handle multiple variables and constraints in optimization processes?
263,Can you provide examples of domains where objective functions are frequently used?
264,How can I implement exception handling in Python for runtime errors that occur when attempting division by zero?
264,"In the context of data science, how does exception handling in Python ensure graceful termination of a program that encounters an out-of-range value while processing a dataset?"
264,"What is the role of the try block in implementing exception handling in Python, and how should it be constructed to catch specific exceptions?"
265,What is the core principle behind PageRank algorithm in search engines?
265,How does PageRank evaluate the importance of web pages based on their links?
265,Can you provide an example of how high-quality backlinks contribute to a page's ranking in Search Engine Results Pages (SERPs)?
266,What differentiates an artificial neural network from a regular computer program?
266,Can you explain how a human brain actually processes information?
266,Are there any specific computing systems besides ANNs that also take inspiration from biological processes?
267,What are some real-world examples where intelligent agents are used for making decisions?
267,How do intelligent agents interact with their environment and receive inputs?
267,Can you explain how intelligent agents adapt to dynamic environments through collaboration with other agents?
268,Can you explain how reproduction and replication differ in research methodology?
268,How does one determine if a dataset is robust against different analytical approaches?
268,What are some common pitfalls that can lead to incorrect generalization of data analysis results?
269,What is the characteristic of inliers that makes them different from noise?
269,Can you give an example of a scenario where distinguishing between inliers and noise is crucial in data analysis?
269,How common are inliers compared to outliers in a typical dataset?
270,What specific property does the rectified linear unit (ReLU) activation function provide that makes it more effective than other functions in deep networks?
270,"How exactly does ReLU prevent vanishing gradients during backpropagation, resulting in improved learning efficiency?"
270,Can you provide a comparison of the training speed and complexity involved when using ReLU versus other commonly used activation functions?
271,How is a slowly changing dimension different from a rapidly changing dimension in terms of data update frequency?
271,Can you provide an example of a scenario where a slowly changing dimension would be used for entity updates?
271,How does tracking changes to attributes or entities using SCDs facilitate predictive modeling and forecasting activities?
272,What are the key differences between Random Forest and Gradient Boosting algorithms in terms of their prediction methods?
272,How do the sequential updates in Gradient Boosting affect its performance compared to the independent trees in Random Forest?
272,Can you provide an example scenario where one may be more suitable than the other for a real-world dataset?
273,How does Iterative Deepening DFS compare to traditional Depth-First Search in terms of space complexity?
273,What are some practical applications where I would prefer using Iterative Deepening DFS over other search algorithms.
273,Can you elaborate on how node stacks help with backtracking and exploring deeper levels?
274,What are the key steps involved in performing logistic regression and how does it work?
274,Can you provide an example of a scenario where logistic regression would be suitable for classification tasks?
274,How do predicted probabilities in logistic regression ensure that the outputs lie within a specific range?
275,Can you explain how Tensors in TensorFlow are used in machine learning algorithms?
275,How do multi-dimensional arrays like Tensors in TensorFlow handle complex data structures?
275,"In TensorFlow, what specific characteristics of a Tensor enable algorithms to learn from it?"
91,What are some examples where indexing would be used in a data science project?
91,How does slicing compare to iterating over a dataset in terms of performance?
91,Can you think of a scenario where using slicing alone would not accurately represent the trends in the data?
118,What is the primary advantage of using K-fold cross-validation in datascience?
118,Can you explain how K-fold cross-validation handles overlapping data points between folds?
118,"For a dataset with only two features, do the results from K-fold cross-validation provide accurate generalization performance compared to simple train-test split?"
134,"How can I choose appropriate values for hyperparameters like learning rate, batch size and number of epochs in a deep neural network?"
134,What are some strategies and techniques for tuning hyperparameters such as regularization strength and hidden layer sizes to improve model generalization?
134,Can you explain the relationship between hyperparameter selection and model overfitting or underfitting and how to avoid these issues?
135,"How would you explain pass and how it's different from continue and break in a programming context, specifically when used within loops?"
135,Can you provide examples of situations where using 'continue' would be more useful or efficient compared to other control flow statements like 'break' or even just letting the loop run its course?
135,"In your experience with coding and data science, what are some common scenarios where prematurely exiting a loop using 'break' makes sense?"
152,What are some common phenomena that exhibit characteristics similar to the S-curve?
152,How does the S-curve model help in forecasting trends and guiding decision-making in product lifecycle?
152,"Can you provide an example of how the S-curve model can be applied to a specific industry, such as technology adoption?"
154,Can you explain how CADx systems help radiologists interpret medical images?
154,"What kind of findings can CADx distinguish between, benign and malignant ones?"
154,How does the assistance provided by CADx systems impact the accuracy of diagnoses?
155,What are some key features that make TensorFlow 'versatile and scalable'?
155,Can you provide examples of 'simple neural networks' and 'complex deep learning architectures' built with TensorFlow?
155,Is TensorFlow suitable for applications requiring 'reinforcement learning'?
156,What time point does the survival function estimate that subjects will survive beyond?
156,How is the probability of surviving estimated in the survival function?
156,Does the survival function only provide information about death or can other events be considered?
160,What happens when a data point's predicted probability is exactly equal to the classification threshold?
160,"How does varying the value of the classification threshold impact model performance metrics, such as precision and recall?"
160,Can you provide examples of scenarios where different classification thresholds might be used in real-world applications?
161,What are some specific ways to partition the data for cross-validation in a machine learning model?
161,How does k-fold cross-validation compare to other types of cross-validation methods like leave-one-out?
161,Can you explain the role of cross-validation in preventing overfitting in a statistical model?
162,Can you provide an example of sampling bias in a social media study?
162,How does confirmation bias affect data analysis when analyzing the impact of advertising on sales?
162,"Would including only customers who have purchased an item from our website for over 3 months introduce survivorship bias, and how could we mitigate it?"
165,How does verifying data types and checking for outliers contribute to ensuring data quality?
165,What steps can I take to guarantee that dates are formatted correctly in my dataset?
165,In what ways does assessing data consistency aid in identifying and minimizing errors and biases?
166,What is the purpose of scaling the gradients in Adagrad?
166,How do different learning rates for each parameter benefit Adagrad?
166,Can you provide an example scenario where Adagrad might significantly outperform other optimizers?
169,E
169,r
169,r
169,o
169,r
169, 
169,p
169,r
169,o
169,c
169,e
169,s
169,s
169,i
169,n
169,g
169, 
169,d
169,o
169,c
169,u
169,m
169,e
169,n
169,t
169,:
169, 
169,E
169,r
169,r
169,o
169,r
169, 
169,p
169,a
169,r
169,s
169,i
169,n
169,g
169, 
169,J
169,S
169,O
169,N
169, 
169,a
169,f
169,t
169,e
169,r
169, 
169,c
169,l
169,e
169,a
169,n
169,i
169,n
169,g
169,:
169, 
169,U
169,n
169,t
169,e
169,r
169,m
169,i
169,n
169,a
169,t
169,e
169,d
169, 
169,s
169,t
169,r
169,i
169,n
169,g
169, 
169,s
169,t
169,a
169,r
169,t
169,i
169,n
169,g
169, 
169,a
169,t
169,:
169, 
169,l
169,i
169,n
169,e
169, 
169,1
169, 
169,c
169,o
169,l
169,u
169,m
169,n
169, 
169,1
169,5
169,2
169, 
169,(
169,c
169,h
169,a
169,r
169, 
169,1
169,5
169,1
169,)
170,"Can you elaborate on how supervised learning is used for prediction and classification, providing an example of a real-world application?"
170,"What are some common patterns and relationships that unsupervised learning finds in unlabeled data, such as clusters or outliers?"
170,How does the choice between supervised and unsupervised learning affect the performance of machine learning models in terms of accuracy and interpretability?
171,Can you explain how recommendation algorithms handle user preferences and interactions?
171,How do recommendation algorithms identify patterns in historical data?
171,What are some common applications of recommendation algorithms in e-commerce platforms?
172,Can you provide specific examples of business processes that have been effectively modeled and improved using this approach?
172,"How does business process modeling differ from traditional flowcharting, and what are the benefits of using one over the other?"
172,"For a business with numerous complex workflows, what tools or software would be recommended for efficient business process modeling?"
173,How does one-hot encoding differ from other categorical variable transformations?
173,What benefits can machine learning models gain from using one-hot encoding on categorical data?
173,Can you provide an example of how to apply one-hot encoding to a real-world dataset with multiple categories?
174,How do we calculate goodness of fit values for a statistical model?
174,What are some common metrics used to evaluate goodness of fit in data science?
174,Can you provide examples of how goodness of fit is used in real-world datasets?
175,What is the purpose of using an estimator in datascience?
175,Can you provide examples of estimators used to estimate population means and proportions?
175,How does an estimator handle missing values in a sample dataset?
176,What are some key differences between relative risk/risk ratio and odds ratios/hazard ratios in epidemiology?
176,How does the baseline risk level affect the calculation of a relative risk/risk ratio?
176,Can you provide an example scenario where understanding relative risk is crucial for assessing the impact of an intervention on health outcomes?
178,What specific analysis techniques fall under the category of information extraction in datascience?
178,How does named entity recognition contribute to semantic info derivation in IE?
178,Can you give an example of a datascience application that uses both IE and IR for better information management?
179,What is the primary purpose of GATE in text engineering?
179,How does GATE's modular design facilitate the incorporation of resources?
179,Can you provide an example of how to implement a custom NLP task using GATE?
180,How does NLP apply in real-world for a speech recognition system?
180,What specific natural language processing techniques are used by virtual assistants to understand commands better?
180,Can you explain how user experience is enhanced by the application of NLP in these systems?
181,What types are there in Types of Slowly Changing Dimensions
181,"Can Type 1 overwrite data from another date, even though its data is newer?"
181,Can we add more type than 3 for slowly changing dimensions?
182,How does rack awareness help in improving data reliability across multiple racks?
182,Does rack awareness have a significant impact on network traffic in distributed systems like Hadoop?
182,Can you describe an example use case where implementing rack awareness would greatly benefit a distributed system?
184,What are some common starting values for the learning rate in machine learning algorithms?
184,How does the learning rate affect the convergence speed of a model in machine learning?
184,What are some methods for adjusting the learning rate during iterative training procedures?
185,"Can you explain how knowledge engineers elicit domain-specific expertise from human experts, and what are some common techniques they use for knowledge representation?"
185,In what ways does the development of expert systems and decision support systems rely on the principles and methodologies of knowledge engineering?
185,Are there specific knowledge-based system architectures or frameworks that are more commonly applied in AI applications built through knowledge engineering?
186,How does XGBoost's boosting technique contribute to reducing bias and variance during predictions?
186,"Can you explain why ensemble techniques, such as bagging and feature subsampling, improve model generalization in XGBoost?"
186,What specific benefits do you get by taking a weighted average of multiple weak models in the context of XGBoost?
187,Can you provide detailed information about linear relationships assumed by linear regression?
187,What implications does predictor multicollinearity have on a linear regression model?
187,Are errors in linear regression always normally distributed?
188,How can I stack levels in a pandas DataFrame?
188,What is the melting function used for in reshaping DataFrames?
188,Can you provide an example of pivoting on identifiers in pandas?
190,How does ANCOVA account for covariates in its analysis?
190,What is the relationship between the main effects and covariates in an ANCOVA model?
190,Can ANCOVA be used to investigate how categorical variables affect continuous outcomes?
191,What specific metrics in datascience would I use to define sensitivity of a diagnostic test?
191,How does the concept of true positives help in the early diagnosis of real cases involving a particular medical condition? 
191,In what situations would false negatives be likely to compromise the effectiveness of a diagnostic test?
192,What is the key to achieving an optimal balance in a machine learning model according to The bias-variance tradeoff principle?
192,How does high variation model lead to poor predictive performance as per The bias-variance tradeoff explanation?
192,"Is it possible that a machine learning model based on The bias-variance tradeoff always underfit, and if yes, what causes this issue?"
193,What do marginal quantities represent in data analysis?
193,How does marginalization relate to averages and overall trends?
193,"Can you give an example of how marginalization is applied in a real-world scenario, like the 2x2 frequency table you mentioned?"
195,What are specific characteristics of a baseline model in machine learning? 
195,How does a well-designed baseline contribute to model selection decisions?
195,Can a simple baseline have practical benefits for my data science project?
198,Do gradient descent methods always converge to similar optima?
198,How do different starting conditions affect the performance of gradient descent?
198,Are there specific characteristics in the cost function which can influence the convergence point of gradient descent?
200,Can an algorithm using both generative and discriminative models outperform their individual counterparts?
200,How do the specific applications of generative models compare to those of discriminative models?
200,What characteristic is shared between all discriminative models that can explain their tendency to outperform generative models
208,What happens when mean square error is used as a metric for evaluating model performance?
208,Why does mean square error not provide an accurate assessment of a model's quality?
208,How do median absolute error and mean absolute percentage error differ from mean square error in assessing a model's effectiveness?
248,What are some examples of computer languages that can be used for scripting?
248,How does the programming language syntax influence execution speeds in datascience tasks?
248,Can you give an example use case of scripting in a data processing context?
